Time(s),Time(m),Wind Speed (knots @h.anem),Wind Direction (Relative to vessel long. axis@h.anem),,,
0,0.0,30,-20,,,
0.25,0.0,30,-20,,,
0.5,0.0,30,-20,,,
0.75,0.0,30,-20,,,
1,0.0,30,-20,,,
1.25,0.0,30,-20,,,
1.5,0.0,30,-20,,,
1.75,0.0,30,-20,,,
2,0.0,30,-20,,,
2.25,0.0,30,-20,,,
2.5,0.0,30,-20,,,
2.75,0.0,30,-20,,,
3,0.1,30,-20,,,
3.25,0.1,30,-20,,,
3.5,0.1,30,-20,,,
3.75,0.1,30,-20,,,
4,0.1,30,-20,,,
4.25,0.1,30,-20,,,
4.5,0.1,30,-20,,,
4.75,0.1,30,-20,,,
5,0.1,30,-20,,,
5.25,0.1,30,-20,,,
5.5,0.1,30,-20,,,
5.75,0.1,30,-20,,,
6,0.1,30,-20,,,
6.25,0.1,30,-20,,,
6.5,0.1,30,-20,,,
6.75,0.1,30,-20,,,
7,0.1,30,-20,,,
7.25,0.1,30,-20,,,
7.5,0.1,30,-20,,,
7.75,0.1,30,-20,,,
8,0.1,30,-20,,,
8.25,0.1,30,-20,,,
8.5,0.1,30,-20,,,
8.75,0.1,30,-20,,,
9,0.2,30,-20,,,
9.25,0.2,30,-20,,,
9.5,0.2,30,-20,,,
9.75,0.2,30,-20,,,
10,0.2,30,-20,,,
10.25,0.2,30,-20,,,
10.5,0.2,30,-20,,,
10.75,0.2,30,-20,,,
11,0.2,30,-20,,,
11.25,0.2,30,-20,,,
11.5,0.2,30,-20,,,
11.75,0.2,30,-20,,,
12,0.2,30,-20,,,
12.25,0.2,30,-20,,,
12.5,0.2,30,-20,,,
12.75,0.2,30,-20,,,
13,0.2,30,-20,,,
13.25,0.2,30,-20,,,
13.5,0.2,30,-20,,,
13.75,0.2,30,-20,,,
14,0.2,30,-20,,,
14.25,0.2,30,-20,,,
14.5,0.2,30,-20,,,
14.75,0.2,30,-20,,,
15,0.3,30,-20,,,
15.25,0.3,30,-20,,,
15.5,0.3,30,-20,,,
15.75,0.3,30,-20,,,
16,0.3,30,-20,,,
16.25,0.3,30,-20,,,
16.5,0.3,30,-20,,,
16.75,0.3,30,-20,,,
17,0.3,30,-20,,,
17.25,0.3,30,-20,,,
17.5,0.3,30,-20,,,
17.75,0.3,30,-20,,,
18,0.3,30,-20,,,
18.25,0.3,30,-20,,,
18.5,0.3,30,-20,,,
18.75,0.3,30,-20,,,
19,0.3,30,-20,,,
19.25,0.3,30,-20,,,
19.5,0.3,30,-20,,,
19.75,0.3,30,-20,,,
20,0.3,30,-20,,,
20.25,0.3,30,-20,,,
20.5,0.3,30,-20,,,
20.75,0.3,30,-20,,,
21,0.4,30,-20,,,
21.25,0.4,30,-20,,,
21.5,0.4,30,-20,,,
21.75,0.4,30,-20,,,
22,0.4,30,-20,,,
22.25,0.4,30,-20,,,
22.5,0.4,30,-20,,,
22.75,0.4,30,-20,,,
23,0.4,30,-20,,,
23.25,0.4,30,-20,,,
23.5,0.4,30,-20,,,
23.75,0.4,30,-20,,,
24,0.4,30,-20,,,
24.25,0.4,30,-20,,,
24.5,0.4,30,-20,,,
24.75,0.4,30,-20,,,
25,0.4,30,-20,,,
25.25,0.4,30,-20,,,
25.5,0.4,30,-20,,,
25.75,0.4,30,-20,,,
26,0.4,30,-20,,,
26.25,0.4,30,-20,,,
26.5,0.4,30,-20,,,
26.75,0.4,30,-20,,,
27,0.5,30,-20,,,
27.25,0.5,30,-20,,,
27.5,0.5,30,-20,,,
27.75,0.5,30,-20,,,
28,0.5,30,-20,,,
28.25,0.5,30,-20,,,
28.5,0.5,30,-20,,,
28.75,0.5,30,-20,,,
29,0.5,30,-20,,,
29.25,0.5,30,-20,,,
29.5,0.5,30,-20,,,
29.75,0.5,30,-20,,,
30,0.5,30,-20,,,
30.25,0.5,30,-20,,,
30.5,0.5,30,-20,,,
30.75,0.5,30,-20,,,
31,0.5,30,-20,,,
31.25,0.5,30,-20,,,
31.5,0.5,30,-20,,,
31.75,0.5,30,-20,,,
32,0.5,30,-20,,,
32.25,0.5,30,-20,,,
32.5,0.5,30,-20,,,
32.75,0.5,30,-20,,,
33,0.6,30,-20,,,
33.25,0.6,30,-20,,,
33.5,0.6,30,-20,,,
33.75,0.6,30,-20,,,
34,0.6,30,-20,,,
34.25,0.6,30,-20,,,
34.5,0.6,30,-20,,,
34.75,0.6,30,-20,,,
35,0.6,30,-20,,,
35.25,0.6,30,-20,,,
35.5,0.6,30,-20,,,
35.75,0.6,30,-20,,,
36,0.6,30,-20,,,
36.25,0.6,30,-20,,,
36.5,0.6,30,-20,,,
36.75,0.6,30,-20,,,
37,0.6,30,-20,,,
37.25,0.6,30,-20,,,
37.5,0.6,30,-20,,,
37.75,0.6,30,-20,,,
38,0.6,30,-20,,,
38.25,0.6,30,-20,,,
38.5,0.6,30,-20,,,
38.75,0.6,30,-20,,,
39,0.7,30,-20,,,
39.25,0.7,30,-20,,,
39.5,0.7,30,-20,,,
39.75,0.7,30,-20,,,
40,0.7,30,-20,,,
40.25,0.7,30,-20,,,
40.5,0.7,30,-20,,,
40.75,0.7,30,-20,,,
41,0.7,30,-20,,,
41.25,0.7,30,-20,,,
41.5,0.7,30,-20,,,
41.75,0.7,30,-20,,,
42,0.7,30,-20,,,
42.25,0.7,30,-20,,,
42.5,0.7,30,-20,,,
42.75,0.7,30,-20,,,
43,0.7,30,-20,,,
43.25,0.7,30,-20,,,
43.5,0.7,30,-20,,,
43.75,0.7,30,-20,,,
44,0.7,30,-20,,,
44.25,0.7,30,-20,,,
44.5,0.7,30,-20,,,
44.75,0.7,30,-20,,,
45,0.8,30,-20,,,
45.25,0.8,30,-20,,,
45.5,0.8,30,-20,,,
45.75,0.8,30,-20,,,
46,0.8,30,-20,,,
46.25,0.8,30,-20,,,
46.5,0.8,30,-20,,,
46.75,0.8,30,-20,,,
47,0.8,30,-20,,,
47.25,0.8,30,-20,,,
47.5,0.8,30,-20,,,
47.75,0.8,30,-20,,,
48,0.8,30,-20,,,
48.25,0.8,30,-20,,,
48.5,0.8,30,-20,,,
48.75,0.8,30,-20,,,
49,0.8,30,-20,,,
49.25,0.8,30,-20,,,
49.5,0.8,30,-20,,,
49.75,0.8,30,-20,,,
50,0.8,30,-20,,,
50.25,0.8,30,-20,,,
50.5,0.8,30,-20,,,
50.75,0.8,30,-20,,,
51,0.9,30,-20,,,
51.25,0.9,30,-20,,,
51.5,0.9,30,-20,,,
51.75,0.9,30,-20,,,
52,0.9,30,-20,,,
52.25,0.9,30,-20,,,
52.5,0.9,30,-20,,,
52.75,0.9,30,-20,,,
53,0.9,30,-20,,,
53.25,0.9,30,-20,,,
53.5,0.9,30,-20,,,
53.75,0.9,30,-20,,,
54,0.9,30,-20,,,
54.25,0.9,30,-20,,,
54.5,0.9,30,-20,,,
54.75,0.9,30,-20,,,
55,0.9,30,-20,,,
55.25,0.9,30,-20,,,
55.5,0.9,30,-20,,,
55.75,0.9,30,-20,,,
56,0.9,30,-20,,,
56.25,0.9,30,-20,,,
56.5,0.9,30,-20,,,
56.75,0.9,30,-20,,,
57,1.0,30,-20,,,
57.25,1.0,30,-20,,,
57.5,1.0,30,-20,,,
57.75,1.0,30,-20,,,
58,1.0,30,-20,,,
58.25,1.0,30,-20,,,
58.5,1.0,30,-20,,,
58.75,1.0,30,-20,,,
59,1.0,30,-20,,,
59.25,1.0,30,-20,,,
59.5,1.0,30,-20,,,
59.75,1.0,30,-20,,,
60,1.0,30,-20,,,
60.25,1.0,30,-20,,,
60.5,1.0,30,-20,,,
60.75,1.0,30,-20,,,
61,1.0,30,-20,,,
61.25,1.0,30,-20,,,
61.5,1.0,30,-20,,,
61.75,1.0,30,-20,,,
62,1.0,30,-20,,,
62.25,1.0,30,-20,,,
62.5,1.0,30,-20,,,
62.75,1.0,30,-20,,,
63,1.1,30,-20,,,
63.25,1.1,30,-20,,,
63.5,1.1,30,-20,,,
63.75,1.1,30,-20,,,
64,1.1,30,-20,,,
64.25,1.1,30,-20,,,
64.5,1.1,30,-20,,,
64.75,1.1,30,-20,,,
65,1.1,30,-20,,,
65.25,1.1,30,-20,,,
65.5,1.1,30,-20,,,
65.75,1.1,30,-20,,,
66,1.1,30,-20,,,
66.25,1.1,30,-20,,,
66.5,1.1,30,-20,,,
66.75,1.1,30,-20,,,
67,1.1,30,-20,,,
67.25,1.1,30,-20,,,
67.5,1.1,30,-20,,,
67.75,1.1,30,-20,,,
68,1.1,30,-20,,,
68.25,1.1,30,-20,,,
68.5,1.1,30,-20,,,
68.75,1.1,30,-20,,,
69,1.2,30,-20,,,
69.25,1.2,30,-20,,,
69.5,1.2,30,-20,,,
69.75,1.2,30,-20,,,
70,1.2,30,-20,,,
70.25,1.2,30,-20,,,
70.5,1.2,30,-20,,,
70.75,1.2,30,-20,,,
71,1.2,30,-20,,,
71.25,1.2,30,-20,,,
71.5,1.2,30,-20,,,
71.75,1.2,30,-20,,,
72,1.2,30,-20,,,
72.25,1.2,30,-20,,,
72.5,1.2,30,-20,,,
72.75,1.2,30,-20,,,
73,1.2,30,-20,,,
73.25,1.2,30,-20,,,
73.5,1.2,30,-20,,,
73.75,1.2,30,-20,,,
74,1.2,30,-20,,,
74.25,1.2,30,-20,,,
74.5,1.2,30,-20,,,
74.75,1.2,30,-20,,,
75,1.3,30,-20,,,
75.25,1.3,30,-20,,,
75.5,1.3,30,-20,,,
75.75,1.3,30,-20,,,
76,1.3,30,-20,,,
76.25,1.3,30,-20,,,
76.5,1.3,30,-20,,,
76.75,1.3,30,-20,,,
77,1.3,30,-20,,,
77.25,1.3,30,-20,,,
77.5,1.3,30,-20,,,
77.75,1.3,30,-20,,,
78,1.3,30,-20,,,
78.25,1.3,30,-20,,,
78.5,1.3,30,-20,,,
78.75,1.3,30,-20,,,
79,1.3,30,-20,,,
79.25,1.3,30,-20,,,
79.5,1.3,30,-20,,,
79.75,1.3,30,-20,,,
80,1.3,30,-20,,,
80.25,1.3,30,-20,,,
80.5,1.3,30,-20,,,
80.75,1.3,30,-20,,,
81,1.4,30,-20,,,
81.25,1.4,30,-20,,,
81.5,1.4,30,-20,,,
81.75,1.4,30,-20,,,
82,1.4,30,-20,,,
82.25,1.4,30,-20,,,
82.5,1.4,30,-20,,,
82.75,1.4,30,-20,,,
83,1.4,30,-20,,,
83.25,1.4,30,-20,,,
83.5,1.4,30,-20,,,
83.75,1.4,30,-20,,,
84,1.4,30,-20,,,
84.25,1.4,30,-20,,,
84.5,1.4,30,-20,,,
84.75,1.4,30,-20,,,
85,1.4,30,-20,,,
85.25,1.4,30,-20,,,
85.5,1.4,30,-20,,,
85.75,1.4,30,-20,,,
86,1.4,30,-20,,,
86.25,1.4,30,-20,,,
86.5,1.4,30,-20,,,
86.75,1.4,30,-20,,,
87,1.5,30,-20,,,
87.25,1.5,30,-20,,,
87.5,1.5,30,-20,,,
87.75,1.5,30,-20,,,
88,1.5,30,-20,,,
88.25,1.5,30,-20,,,
88.5,1.5,30,-20,,,
88.75,1.5,30,-20,,,
89,1.5,30,-20,,,
89.25,1.5,30,-20,,,
89.5,1.5,30,-20,,,
89.75,1.5,30,-20,,,
90,1.5,30,-20,,,
90.25,1.5,30,-20,,,
90.5,1.5,30,-20,,,
90.75,1.5,30,-20,,,
91,1.5,30,-20,,,
91.25,1.5,30,-20,,,
91.5,1.5,30,-20,,,
91.75,1.5,30,-20,,,
92,1.5,30,-20,,,
92.25,1.5,30,-20,,,
92.5,1.5,30,-20,,,
92.75,1.5,30,-20,,,
93,1.6,30,-20,,,
93.25,1.6,30,-20,,,
93.5,1.6,30,-20,,,
93.75,1.6,30,-20,,,
94,1.6,30,-20,,,
94.25,1.6,30,-20,,,
94.5,1.6,30,-20,,,
94.75,1.6,30,-20,,,
95,1.6,30,-20,,,
95.25,1.6,30,-20,,,
95.5,1.6,30,-20,,,
95.75,1.6,30,-20,,,
96,1.6,30,-20,,,
96.25,1.6,30,-20,,,
96.5,1.6,30,-20,,,
96.75,1.6,30,-20,,,
97,1.6,30,-20,,,
97.25,1.6,30,-20,,,
97.5,1.6,30,-20,,,
97.75,1.6,30,-20,,,
98,1.6,30,-20,,,
98.25,1.6,30,-20,,,
98.5,1.6,30,-20,,,
98.75,1.6,30,-20,,,
99,1.7,30,-20,,,
99.25,1.7,30,-20,,,
99.5,1.7,30,-20,,,
99.75,1.7,30,-20,,,
100,1.7,30,-20,,,
100.25,1.7,30,-20,,,
100.5,1.7,30,-20,,,
100.75,1.7,30,-20,,,
101,1.7,30,-20,,,
101.25,1.7,30,-20,,,
101.5,1.7,30,-20,,,
101.75,1.7,30,-20,,,
102,1.7,30,-20,,,
102.25,1.7,30,-20,,,
102.5,1.7,30,-20,,,
102.75,1.7,30,-20,,,
103,1.7,30,-20,,,
103.25,1.7,30,-20,,,
103.5,1.7,30,-20,,,
103.75,1.7,30,-20,,,
104,1.7,30,-20,,,
104.25,1.7,30,-20,,,
104.5,1.7,30,-20,,,
104.75,1.7,30,-20,,,
105,1.8,30,-20,,,
105.25,1.8,30,-20,,,
105.5,1.8,30,-20,,,
105.75,1.8,30,-20,,,
106,1.8,30,-20,,,
106.25,1.8,30,-20,,,
106.5,1.8,30,-20,,,
106.75,1.8,30,-20,,,
107,1.8,30,-20,,,
107.25,1.8,30,-20,,,
107.5,1.8,30,-20,,,
107.75,1.8,30,-20,,,
108,1.8,30,-20,,,
108.25,1.8,30,-20,,,
108.5,1.8,30,-20,,,
108.75,1.8,30,-20,,,
109,1.8,30,-20,,,
109.25,1.8,30,-20,,,
109.5,1.8,30,-20,,,
109.75,1.8,30,-20,,,
110,1.8,30,-20,,,
110.25,1.8,30,-20,,,
110.5,1.8,30,-20,,,
110.75,1.8,30,-20,,,
111,1.9,30,-20,,,
111.25,1.9,30,-20,,,
111.5,1.9,30,-20,,,
111.75,1.9,30,-20,,,
112,1.9,30,-20,,,
112.25,1.9,30,-20,,,
112.5,1.9,30,-20,,,
112.75,1.9,30,-20,,,
113,1.9,30,-20,,,
113.25,1.9,30,-20,,,
113.5,1.9,30,-20,,,
113.75,1.9,30,-20,,,
114,1.9,30,-20,,,
114.25,1.9,30,-20,,,
114.5,1.9,30,-20,,,
114.75,1.9,30,-20,,,
115,1.9,30,-20,,,
115.25,1.9,30,-20,,,
115.5,1.9,30,-20,,,
115.75,1.9,30,-20,,,
116,1.9,30,-20,,,
116.25,1.9,30,-20,,,
116.5,1.9,30,-20,,,
116.75,1.9,30,-20,,,
117,2.0,30,-20,,,
117.25,2.0,30,-20,,,
117.5,2.0,30,-20,,,
117.75,2.0,30,-20,,,
118,2.0,30,-20,,,
118.25,2.0,30,-20,,,
118.5,2.0,30,-20,,,
118.75,2.0,30,-20,,,
119,2.0,30,-20,,,
119.25,2.0,30,-20,,,
119.5,2.0,30,-20,,,
119.75,2.0,30,-20,,,
120,2.0,30,-20,,,
120.25,2.0,30,-20,,,
120.5,2.0,30,-20,,,
120.75,2.0,30,-20,,,
121,2.0,30,-20,,,
121.25,2.0,30,-20,,,
121.5,2.0,30,-20,,,
121.75,2.0,30,-20,,,
122,2.0,30,-20,,,
122.25,2.0,30,-20,,,
122.5,2.0,30,-20,,,
122.75,2.0,30,-20,,,
123,2.1,30,-20,,,
123.25,2.1,30,-20,,,
123.5,2.1,30,-20,,,
123.75,2.1,30,-20,,,
124,2.1,30,-20,,,
124.25,2.1,30,-20,,,
124.5,2.1,30,-20,,,
124.75,2.1,30,-20,,,
125,2.1,30,-20,,,
125.25,2.1,30,-20,,,
125.5,2.1,30,-20,,,
125.75,2.1,30,-20,,,
126,2.1,30,-20,,,
126.25,2.1,30,-20,,,
126.5,2.1,30,-20,,,
126.75,2.1,30,-20,,,
127,2.1,30,-20,,,
127.25,2.1,30,-20,,,
127.5,2.1,30,-20,,,
127.75,2.1,30,-20,,,
128,2.1,30,-20,,,
128.25,2.1,30,-20,,,
128.5,2.1,30,-20,,,
128.75,2.1,30,-20,,,
129,2.2,30,-20,,,
129.25,2.2,30,-20,,,
129.5,2.2,30,-20,,,
129.75,2.2,30,-20,,,
130,2.2,30,-20,,,
130.25,2.2,30,-20,,,
130.5,2.2,30,-20,,,
130.75,2.2,30,-20,,,
131,2.2,30,-20,,,
131.25,2.2,30,-20,,,
131.5,2.2,30,-20,,,
131.75,2.2,30,-20,,,
132,2.2,30,-20,,,
132.25,2.2,30,-20,,,
132.5,2.2,30,-20,,,
132.75,2.2,30,-20,,,
133,2.2,30,-20,,,
133.25,2.2,30,-20,,,
133.5,2.2,30,-20,,,
133.75,2.2,30,-20,,,
134,2.2,30,-20,,,
134.25,2.2,30,-20,,,
134.5,2.2,30,-20,,,
134.75,2.2,30,-20,,,
135,2.3,30,-20,,,
135.25,2.3,30,-20,,,
135.5,2.3,30,-20,,,
135.75,2.3,30,-20,,,
136,2.3,30,-20,,,
136.25,2.3,30,-20,,,
136.5,2.3,30,-20,,,
136.75,2.3,30,-20,,,
137,2.3,30,-20,,,
137.25,2.3,30,-20,,,
137.5,2.3,30,-20,,,
137.75,2.3,30,-20,,,
138,2.3,30,-20,,,
138.25,2.3,30,-20,,,
138.5,2.3,30,-20,,,
138.75,2.3,30,-20,,,
139,2.3,30,-20,,,
139.25,2.3,30,-20,,,
139.5,2.3,30,-20,,,
139.75,2.3,30,-20,,,
140,2.3,30,-20,,,
140.25,2.3,30,-20,,,
140.5,2.3,30,-20,,,
140.75,2.3,30,-20,,,
141,2.4,30,-20,,,
141.25,2.4,30,-20,,,
141.5,2.4,30,-20,,,
141.75,2.4,30,-20,,,
142,2.4,30,-20,,,
142.25,2.4,30,-20,,,
142.5,2.4,30,-20,,,
142.75,2.4,30,-20,,,
143,2.4,30,-20,,,
143.25,2.4,30,-20,,,
143.5,2.4,30,-20,,,
143.75,2.4,30,-20,,,
144,2.4,30,-20,,,
144.25,2.4,30,-20,,,
144.5,2.4,30,-20,,,
144.75,2.4,30,-20,,,
145,2.4,30,-20,,,
145.25,2.4,30,-20,,,
145.5,2.4,30,-20,,,
145.75,2.4,30,-20,,,
146,2.4,30,-20,,,
146.25,2.4,30,-20,,,
146.5,2.4,30,-20,,,
146.75,2.4,30,-20,,,
147,2.5,30,-20,,,
147.25,2.5,30,-20,,,
147.5,2.5,30,-20,,,
147.75,2.5,30,-20,,,
148,2.5,30,-20,,,
148.25,2.5,30,-20,,,
148.5,2.5,30,-20,,,
148.75,2.5,30,-20,,,
149,2.5,30,-20,,,
149.25,2.5,30,-20,,,
149.5,2.5,30,-20,,,
149.75,2.5,30,-20,,,
150,2.5,30,-20,,,
150.25,2.5,30,-20,,,
150.5,2.5,30,-20,,,
150.75,2.5,30,-20,,,
151,2.5,30,-20,,,
151.25,2.5,30,-20,,,
151.5,2.5,30,-20,,,
151.75,2.5,30,-20,,,
152,2.5,30,-20,,,
152.25,2.5,30,-20,,,
152.5,2.5,30,-20,,,
152.75,2.5,30,-20,,,
153,2.6,30,-20,,,
153.25,2.6,30,-20,,,
153.5,2.6,30,-20,,,
153.75,2.6,30,-20,,,
154,2.6,30,-20,,,
154.25,2.6,30,-20,,,
154.5,2.6,30,-20,,,
154.75,2.6,30,-20,,,
155,2.6,30,-20,,,
155.25,2.6,30,-20,,,
155.5,2.6,30,-20,,,
155.75,2.6,30,-20,,,
156,2.6,30,-20,,,
156.25,2.6,30,-20,,,
156.5,2.6,30,-20,,,
156.75,2.6,30,-20,,,
157,2.6,30,-20,,,
157.25,2.6,30,-20,,,
157.5,2.6,30,-20,,,
157.75,2.6,30,-20,,,
158,2.6,30,-20,,,
158.25,2.6,30,-20,,,
158.5,2.6,30,-20,,,
158.75,2.6,30,-20,,,
159,2.7,30,-20,,,
159.25,2.7,30,-20,,,
159.5,2.7,30,-20,,,
159.75,2.7,30,-20,,,
160,2.7,30,-20,,,
160.25,2.7,30,-20,,,
160.5,2.7,30,-20,,,
160.75,2.7,30,-20,,,
161,2.7,30,-20,,,
161.25,2.7,30,-20,,,
161.5,2.7,30,-20,,,
161.75,2.7,30,-20,,,
162,2.7,30,-20,,,
162.25,2.7,30,-20,,,
162.5,2.7,30,-20,,,
162.75,2.7,30,-20,,,
163,2.7,30,-20,,,
163.25,2.7,30,-20,,,
163.5,2.7,30,-20,,,
163.75,2.7,30,-20,,,
164,2.7,30,-20,,,
164.25,2.7,30,-20,,,
164.5,2.7,30,-20,,,
164.75,2.7,30,-20,,,
165,2.8,30,-20,,,
165.25,2.8,30,-20,,,
165.5,2.8,30,-20,,,
165.75,2.8,30,-20,,,
166,2.8,30,-20,,,
166.25,2.8,30,-20,,,
166.5,2.8,30,-20,,,
166.75,2.8,30,-20,,,
167,2.8,30,-20,,,
167.25,2.8,30,-20,,,
167.5,2.8,30,-20,,,
167.75,2.8,30,-20,,,
168,2.8,30,-20,,,
168.25,2.8,30,-20,,,
168.5,2.8,30,-20,,,
168.75,2.8,30,-20,,,
169,2.8,30,-20,,,
169.25,2.8,30,-20,,,
169.5,2.8,30,-20,,,
169.75,2.8,30,-20,,,
170,2.8,30,-20,,,
170.25,2.8,30,-20,,,
170.5,2.8,30,-20,,,
170.75,2.8,30,-20,,,
171,2.9,30,-20,,,
171.25,2.9,30,-20,,,
171.5,2.9,30,-20,,,
171.75,2.9,30,-20,,,
172,2.9,30,-20,,,
172.25,2.9,30,-20,,,
172.5,2.9,30,-20,,,
172.75,2.9,30,-20,,,
173,2.9,30,-20,,,
173.25,2.9,30,-20,,,
173.5,2.9,30,-20,,,
173.75,2.9,30,-20,,,
174,2.9,30,-20,,,
174.25,2.9,30,-20,,,
174.5,2.9,30,-20,,,
174.75,2.9,30,-20,,,
175,2.9,30,-20,,,
175.25,2.9,30,-20,,,
175.5,2.9,30,-20,,,
175.75,2.9,30,-20,,,
176,2.9,30,-20,,,
176.25,2.9,30,-20,,,
176.5,2.9,30,-20,,,
176.75,2.9,30,-20,,,
177,3.0,30,-20,,,
177.25,3.0,30,-20,,,
177.5,3.0,30,-20,,,
177.75,3.0,30,-20,,,
178,3.0,30,-20,,,
178.25,3.0,30,-20,,,
178.5,3.0,30,-20,,,
178.75,3.0,30,-20,,,
179,3.0,30,-20,,,
179.25,3.0,30,-20,,,
179.5,3.0,30,-20,,,
179.75,3.0,30,-20,,,
180,3.0,30,-60,,,
180.25,3.0,30,-60,,,
180.5,3.0,30,-60,,,
180.75,3.0,30,-60,,,
181,3.0,30,-60,,,
181.25,3.0,30,-60,,,
181.5,3.0,30,-60,,,
181.75,3.0,30,-60,,,
182,3.0,30,-60,,,
182.25,3.0,30,-60,,,
182.5,3.0,30,-60,,,
182.75,3.0,30,-60,,,
183,3.1,30,-60,,,
183.25,3.1,30,-60,,,
183.5,3.1,30,-60,,,
183.75,3.1,30,-60,,,
184,3.1,30,-60,,,
184.25,3.1,30,-60,,,
184.5,3.1,30,-60,,,
184.75,3.1,30,-60,,,
185,3.1,30,-60,,,
185.25,3.1,30,-60,,,
185.5,3.1,30,-60,,,
185.75,3.1,30,-60,,,
186,3.1,30,-60,,,
186.25,3.1,30,-60,,,
186.5,3.1,30,-60,,,
186.75,3.1,30,-60,,,
187,3.1,30,-60,,,
187.25,3.1,30,-60,,,
187.5,3.1,30,-60,,,
187.75,3.1,30,-60,,,
188,3.1,30,-60,,,
188.25,3.1,30,-60,,,
188.5,3.1,30,-60,,,
188.75,3.1,30,-60,,,
189,3.2,30,-60,,,
189.25,3.2,30,-60,,,
189.5,3.2,30,-60,,,
189.75,3.2,30,-60,,,
190,3.2,30,-60,,,
190.25,3.2,30,-60,,,
190.5,3.2,30,-60,,,
190.75,3.2,30,-60,,,
191,3.2,30,-60,,,
191.25,3.2,30,-60,,,
191.5,3.2,30,-60,,,
191.75,3.2,30,-60,,,
192,3.2,30,-60,,,
192.25,3.2,30,-60,,,
192.5,3.2,30,-60,,,
192.75,3.2,30,-60,,,
193,3.2,30,-60,,,
193.25,3.2,30,-60,,,
193.5,3.2,30,-60,,,
193.75,3.2,30,-60,,,
194,3.2,30,-60,,,
194.25,3.2,30,-60,,,
194.5,3.2,30,-60,,,
194.75,3.2,30,-60,,,
195,3.3,30,-60,,,
195.25,3.3,30,-60,,,
195.5,3.3,30,-60,,,
195.75,3.3,30,-60,,,
196,3.3,30,-60,,,
196.25,3.3,30,-60,,,
196.5,3.3,30,-60,,,
196.75,3.3,30,-60,,,
197,3.3,30,-60,,,
197.25,3.3,30,-60,,,
197.5,3.3,30,-60,,,
197.75,3.3,30,-60,,,
198,3.3,30,-60,,,
198.25,3.3,30,-60,,,
198.5,3.3,30,-60,,,
198.75,3.3,30,-60,,,
199,3.3,30,-60,,,
199.25,3.3,30,-60,,,
199.5,3.3,30,-60,,,
199.75,3.3,30,-60,,,
200,3.3,30,-60,,,
200.25,3.3,30,-60,,,
200.5,3.3,30,-60,,,
200.75,3.3,30,-60,,,
201,3.4,30,-60,,,
201.25,3.4,30,-60,,,
201.5,3.4,30,-60,,,
201.75,3.4,30,-60,,,
202,3.4,30,-60,,,
202.25,3.4,30,-60,,,
202.5,3.4,30,-60,,,
202.75,3.4,30,-60,,,
203,3.4,30,-60,,,
203.25,3.4,30,-60,,,
203.5,3.4,30,-60,,,
203.75,3.4,30,-60,,,
204,3.4,30,-60,,,
204.25,3.4,30,-60,,,
204.5,3.4,30,-60,,,
204.75,3.4,30,-60,,,
205,3.4,30,-60,,,
205.25,3.4,30,-60,,,
205.5,3.4,30,-60,,,
205.75,3.4,30,-60,,,
206,3.4,30,-60,,,
206.25,3.4,30,-60,,,
206.5,3.4,30,-60,,,
206.75,3.4,30,-60,,,
207,3.5,30,-60,,,
207.25,3.5,30,-60,,,
207.5,3.5,30,-60,,,
207.75,3.5,30,-60,,,
208,3.5,30,-60,,,
208.25,3.5,30,-60,,,
208.5,3.5,30,-60,,,
208.75,3.5,30,-60,,,
209,3.5,30,-60,,,
209.25,3.5,30,-60,,,
209.5,3.5,30,-60,,,
209.75,3.5,30,-60,,,
210,3.5,30,-60,,,
210.25,3.5,30,-60,,,
210.5,3.5,30,-60,,,
210.75,3.5,30,-60,,,
211,3.5,30,-60,,,
211.25,3.5,30,-60,,,
211.5,3.5,30,-60,,,
211.75,3.5,30,-60,,,
212,3.5,30,-60,,,
212.25,3.5,30,-60,,,
212.5,3.5,30,-60,,,
212.75,3.5,30,-60,,,
213,3.6,30,-60,,,
213.25,3.6,30,-60,,,
213.5,3.6,30,-60,,,
213.75,3.6,30,-60,,,
214,3.6,30,-60,,,
214.25,3.6,30,-60,,,
214.5,3.6,30,-60,,,
214.75,3.6,30,-60,,,
215,3.6,30,-60,,,
215.25,3.6,30,-60,,,
215.5,3.6,30,-60,,,
215.75,3.6,30,-60,,,
216,3.6,30,-60,,,
216.25,3.6,30,-60,,,
216.5,3.6,30,-60,,,
216.75,3.6,30,-60,,,
217,3.6,30,-60,,,
217.25,3.6,30,-60,,,
217.5,3.6,30,-60,,,
217.75,3.6,30,-60,,,
218,3.6,30,-60,,,
218.25,3.6,30,-60,,,
218.5,3.6,30,-60,,,
218.75,3.6,30,-60,,,
219,3.7,30,-60,,,
219.25,3.7,30,-60,,,
219.5,3.7,30,-60,,,
219.75,3.7,30,-60,,,
220,3.7,30,-60,,,
220.25,3.7,30,-60,,,
220.5,3.7,30,-60,,,
220.75,3.7,30,-60,,,
221,3.7,30,-60,,,
221.25,3.7,30,-60,,,
221.5,3.7,30,-60,,,
221.75,3.7,30,-60,,,
222,3.7,30,-60,,,
222.25,3.7,30,-60,,,
222.5,3.7,30,-60,,,
222.75,3.7,30,-60,,,
223,3.7,30,-60,,,
223.25,3.7,30,-60,,,
223.5,3.7,30,-60,,,
223.75,3.7,30,-60,,,
224,3.7,30,-60,,,
224.25,3.7,30,-60,,,
224.5,3.7,30,-60,,,
224.75,3.7,30,-60,,,
225,3.8,30,-60,,,
225.25,3.8,30,-60,,,
225.5,3.8,30,-60,,,
225.75,3.8,30,-60,,,
226,3.8,30,-60,,,
226.25,3.8,30,-60,,,
226.5,3.8,30,-60,,,
226.75,3.8,30,-60,,,
227,3.8,30,-60,,,
227.25,3.8,30,-60,,,
227.5,3.8,30,-60,,,
227.75,3.8,30,-60,,,
228,3.8,30,-60,,,
228.25,3.8,30,-60,,,
228.5,3.8,30,-60,,,
228.75,3.8,30,-60,,,
229,3.8,30,-60,,,
229.25,3.8,30,-60,,,
229.5,3.8,30,-60,,,
229.75,3.8,30,-60,,,
230,3.8,30,-60,,,
230.25,3.8,30,-60,,,
230.5,3.8,30,-60,,,
230.75,3.8,30,-60,,,
231,3.9,30,-60,,,
231.25,3.9,30,-60,,,
231.5,3.9,30,-60,,,
231.75,3.9,30,-60,,,
232,3.9,30,-60,,,
232.25,3.9,30,-60,,,
232.5,3.9,30,-60,,,
232.75,3.9,30,-60,,,
233,3.9,30,-60,,,
233.25,3.9,30,-60,,,
233.5,3.9,30,-60,,,
233.75,3.9,30,-60,,,
234,3.9,30,-60,,,
234.25,3.9,30,-60,,,
234.5,3.9,30,-60,,,
234.75,3.9,30,-60,,,
235,3.9,30,-60,,,
235.25,3.9,30,-60,,,
235.5,3.9,30,-60,,,
235.75,3.9,30,-60,,,
236,3.9,30,-60,,,
236.25,3.9,30,-60,,,
236.5,3.9,30,-60,,,
236.75,3.9,30,-60,,,
237,4.0,30,-60,,,
237.25,4.0,30,-60,,,
237.5,4.0,30,-60,,,
237.75,4.0,30,-60,,,
238,4.0,30,-60,,,
238.25,4.0,30,-60,,,
238.5,4.0,30,-60,,,
238.75,4.0,30,-60,,,
239,4.0,30,-60,,,
239.25,4.0,30,-60,,,
239.5,4.0,30,-60,,,
239.75,4.0,30,-60,,,
240,4.0,30,-60,,,
240.25,4.0,30,-60,,,
240.5,4.0,30,-60,,,
240.75,4.0,30,-60,,,
241,4.0,30,-60,,,
241.25,4.0,30,-60,,,
241.5,4.0,30,-60,,,
241.75,4.0,30,-60,,,
242,4.0,30,-60,,,
242.25,4.0,30,-60,,,
242.5,4.0,30,-60,,,
242.75,4.0,30,-60,,,
243,4.1,30,-60,,,
243.25,4.1,30,-60,,,
243.5,4.1,30,-60,,,
243.75,4.1,30,-60,,,
244,4.1,30,-60,,,
244.25,4.1,30,-60,,,
244.5,4.1,30,-60,,,
244.75,4.1,30,-60,,,
245,4.1,30,-60,,,
245.25,4.1,30,-60,,,
245.5,4.1,30,-60,,,
245.75,4.1,30,-60,,,
246,4.1,30,-60,,,
246.25,4.1,30,-60,,,
246.5,4.1,30,-60,,,
246.75,4.1,30,-60,,,
247,4.1,30,-60,,,
247.25,4.1,30,-60,,,
247.5,4.1,30,-60,,,
247.75,4.1,30,-60,,,
248,4.1,30,-60,,,
248.25,4.1,30,-60,,,
248.5,4.1,30,-60,,,
248.75,4.1,30,-60,,,
249,4.2,30,-60,,,
249.25,4.2,30,-60,,,
249.5,4.2,30,-60,,,
249.75,4.2,30,-60,,,
250,4.2,30,-60,,,
250.25,4.2,30,-60,,,
250.5,4.2,30,-60,,,
250.75,4.2,30,-60,,,
251,4.2,30,-60,,,
251.25,4.2,30,-60,,,
251.5,4.2,30,-60,,,
251.75,4.2,30,-60,,,
252,4.2,30,-60,,,
252.25,4.2,30,-60,,,
252.5,4.2,30,-60,,,
252.75,4.2,30,-60,,,
253,4.2,30,-60,,,
253.25,4.2,30,-60,,,
253.5,4.2,30,-60,,,
253.75,4.2,30,-60,,,
254,4.2,30,-60,,,
254.25,4.2,30,-60,,,
254.5,4.2,30,-60,,,
254.75,4.2,30,-60,,,
255,4.3,30,-60,,,
255.25,4.3,30,-60,,,
255.5,4.3,30,-60,,,
255.75,4.3,30,-60,,,
256,4.3,30,-60,,,
256.25,4.3,30,-60,,,
256.5,4.3,30,-60,,,
256.75,4.3,30,-60,,,
257,4.3,30,-60,,,
257.25,4.3,30,-60,,,
257.5,4.3,30,-60,,,
257.75,4.3,30,-60,,,
258,4.3,30,-60,,,
258.25,4.3,30,-60,,,
258.5,4.3,30,-60,,,
258.75,4.3,30,-60,,,
259,4.3,30,-60,,,
259.25,4.3,30,-60,,,
259.5,4.3,30,-60,,,
259.75,4.3,30,-60,,,
260,4.3,30,-60,,,
260.25,4.3,30,-60,,,
260.5,4.3,30,-60,,,
260.75,4.3,30,-60,,,
261,4.4,30,-60,,,
261.25,4.4,30,-60,,,
261.5,4.4,30,-60,,,
261.75,4.4,30,-60,,,
262,4.4,30,-60,,,
262.25,4.4,30,-60,,,
262.5,4.4,30,-60,,,
262.75,4.4,30,-60,,,
263,4.4,30,-60,,,
263.25,4.4,30,-60,,,
263.5,4.4,30,-60,,,
263.75,4.4,30,-60,,,
264,4.4,30,-60,,,
264.25,4.4,30,-60,,,
264.5,4.4,30,-60,,,
264.75,4.4,30,-60,,,
265,4.4,30,-60,,,
265.25,4.4,30,-60,,,
265.5,4.4,30,-60,,,
265.75,4.4,30,-60,,,
266,4.4,30,-60,,,
266.25,4.4,30,-60,,,
266.5,4.4,30,-60,,,
266.75,4.4,30,-60,,,
267,4.5,30,-60,,,
267.25,4.5,30,-60,,,
267.5,4.5,30,-60,,,
267.75,4.5,30,-60,,,
268,4.5,30,-60,,,
268.25,4.5,30,-60,,,
268.5,4.5,30,-60,,,
268.75,4.5,30,-60,,,
269,4.5,30,-60,,,
269.25,4.5,30,-60,,,
269.5,4.5,30,-60,,,
269.75,4.5,30,-60,,,
270,4.5,30,-60,,,
270.25,4.5,30,-60,,,
270.5,4.5,30,-60,,,
270.75,4.5,30,-60,,,
271,4.5,30,-60,,,
271.25,4.5,30,-60,,,
271.5,4.5,30,-60,,,
271.75,4.5,30,-60,,,
272,4.5,30,-60,,,
272.25,4.5,30,-60,,,
272.5,4.5,30,-60,,,
272.75,4.5,30,-60,,,
273,4.6,30,-60,,,
273.25,4.6,30,-60,,,
273.5,4.6,30,-60,,,
273.75,4.6,30,-60,,,
274,4.6,30,-60,,,
274.25,4.6,30,-60,,,
274.5,4.6,30,-60,,,
274.75,4.6,30,-60,,,
275,4.6,30,-60,,,
275.25,4.6,30,-60,,,
275.5,4.6,30,-60,,,
275.75,4.6,30,-60,,,
276,4.6,30,-60,,,
276.25,4.6,30,-60,,,
276.5,4.6,30,-60,,,
276.75,4.6,30,-60,,,
277,4.6,30,-60,,,
277.25,4.6,30,-60,,,
277.5,4.6,30,-60,,,
277.75,4.6,30,-60,,,
278,4.6,30,-60,,,
278.25,4.6,30,-60,,,
278.5,4.6,30,-60,,,
278.75,4.6,30,-60,,,
279,4.7,30,-60,,,
279.25,4.7,30,-60,,,
279.5,4.7,30,-60,,,
279.75,4.7,30,-60,,,
280,4.7,30,-60,,,
280.25,4.7,30,-60,,,
280.5,4.7,30,-60,,,
280.75,4.7,30,-60,,,
281,4.7,30,-60,,,
281.25,4.7,30,-60,,,
281.5,4.7,30,-60,,,
281.75,4.7,30,-60,,,
282,4.7,30,-60,,,
282.25,4.7,30,-60,,,
282.5,4.7,30,-60,,,
282.75,4.7,30,-60,,,
283,4.7,30,-60,,,
283.25,4.7,30,-60,,,
283.5,4.7,30,-60,,,
283.75,4.7,30,-60,,,
284,4.7,30,-60,,,
284.25,4.7,30,-60,,,
284.5,4.7,30,-60,,,
284.75,4.7,30,-60,,,
285,4.8,30,-60,,,
285.25,4.8,30,-60,,,
285.5,4.8,30,-60,,,
285.75,4.8,30,-60,,,
286,4.8,30,-60,,,
286.25,4.8,30,-60,,,
286.5,4.8,30,-60,,,
286.75,4.8,30,-60,,,
287,4.8,30,-60,,,
287.25,4.8,30,-60,,,
287.5,4.8,30,-60,,,
287.75,4.8,30,-60,,,
288,4.8,30,-60,,,
288.25,4.8,30,-60,,,
288.5,4.8,30,-60,,,
288.75,4.8,30,-60,,,
289,4.8,30,-60,,,
289.25,4.8,30,-60,,,
289.5,4.8,30,-60,,,
289.75,4.8,30,-60,,,
290,4.8,30,-60,,,
290.25,4.8,30,-60,,,
290.5,4.8,30,-60,,,
290.75,4.8,30,-60,,,
291,4.9,30,-60,,,
291.25,4.9,30,-60,,,
291.5,4.9,30,-60,,,
291.75,4.9,30,-60,,,
292,4.9,30,-60,,,
292.25,4.9,30,-60,,,
292.5,4.9,30,-60,,,
292.75,4.9,30,-60,,,
293,4.9,30,-60,,,
293.25,4.9,30,-60,,,
293.5,4.9,30,-60,,,
293.75,4.9,30,-60,,,
294,4.9,30,-60,,,
294.25,4.9,30,-60,,,
294.5,4.9,30,-60,,,
294.75,4.9,30,-60,,,
295,4.9,30,-60,,,
295.25,4.9,30,-60,,,
295.5,4.9,30,-60,,,
295.75,4.9,30,-60,,,
296,4.9,30,-60,,,
296.25,4.9,30,-60,,,
296.5,4.9,30,-60,,,
296.75,4.9,30,-60,,,
297,5.0,30,-60,,,
297.25,5.0,30,-60,,,
297.5,5.0,30,-60,,,
297.75,5.0,30,-60,,,
298,5.0,30,-60,,,
298.25,5.0,30,-60,,,
298.5,5.0,30,-60,,,
298.75,5.0,30,-60,,,
299,5.0,30,-60,,,
299.25,5.0,30,-60,,,
299.5,5.0,30,-60,,,
299.75,5.0,30,-60,,,
300,5.0,30,-60,,,
300.25,5.0,30,-60,,,
300.5,5.0,30,-60,,,
300.75,5.0,30,-60,,,
301,5.0,30,-60,,,
301.25,5.0,30,-60,,,
301.5,5.0,30,-60,,,
301.75,5.0,30,-60,,,
302,5.0,30,-60,,,
302.25,5.0,30,-60,,,
302.5,5.0,30,-60,,,
302.75,5.0,30,-60,,,
303,5.1,30,-60,,,
303.25,5.1,30,-60,,,
303.5,5.1,30,-60,,,
303.75,5.1,30,-60,,,
304,5.1,30,-60,,,
304.25,5.1,30,-60,,,
304.5,5.1,30,-60,,,
304.75,5.1,30,-60,,,
305,5.1,30,-60,,,
305.25,5.1,30,-60,,,
305.5,5.1,30,-60,,,
305.75,5.1,30,-60,,,
306,5.1,30,-60,,,
306.25,5.1,30,-60,,,
306.5,5.1,30,-60,,,
306.75,5.1,30,-60,,,
307,5.1,30,-60,,,
307.25,5.1,30,-60,,,
307.5,5.1,30,-60,,,
307.75,5.1,30,-60,,,
308,5.1,30,-60,,,
308.25,5.1,30,-60,,,
308.5,5.1,30,-60,,,
308.75,5.1,30,-60,,,
309,5.2,30,-60,,,
309.25,5.2,30,-60,,,
309.5,5.2,30,-60,,,
309.75,5.2,30,-60,,,
310,5.2,30,-60,,,
310.25,5.2,30,-60,,,
310.5,5.2,30,-60,,,
310.75,5.2,30,-60,,,
311,5.2,30,-60,,,
311.25,5.2,30,-60,,,
311.5,5.2,30,-60,,,
311.75,5.2,30,-60,,,
312,5.2,30,-60,,,
312.25,5.2,30,-60,,,
312.5,5.2,30,-60,,,
312.75,5.2,30,-60,,,
313,5.2,30,-60,,,
313.25,5.2,30,-60,,,
313.5,5.2,30,-60,,,
313.75,5.2,30,-60,,,
314,5.2,30,-60,,,
314.25,5.2,30,-60,,,
314.5,5.2,30,-60,,,
314.75,5.2,30,-60,,,
315,5.3,30,-60,,,
315.25,5.3,30,-60,,,
315.5,5.3,30,-60,,,
315.75,5.3,30,-60,,,
316,5.3,30,-60,,,
316.25,5.3,30,-60,,,
316.5,5.3,30,-60,,,
316.75,5.3,30,-60,,,
317,5.3,30,-60,,,
317.25,5.3,30,-60,,,
317.5,5.3,30,-60,,,
317.75,5.3,30,-60,,,
318,5.3,30,-60,,,
318.25,5.3,30,-60,,,
318.5,5.3,30,-60,,,
318.75,5.3,30,-60,,,
319,5.3,30,-60,,,
319.25,5.3,30,-60,,,
319.5,5.3,30,-60,,,
319.75,5.3,30,-60,,,
320,5.3,30,-60,,,
320.25,5.3,30,-60,,,
320.5,5.3,30,-60,,,
320.75,5.3,30,-60,,,
321,5.4,30,-60,,,
321.25,5.4,30,-60,,,
321.5,5.4,30,-60,,,
321.75,5.4,30,-60,,,
322,5.4,30,-60,,,
322.25,5.4,30,-60,,,
322.5,5.4,30,-60,,,
322.75,5.4,30,-60,,,
323,5.4,30,-60,,,
323.25,5.4,30,-60,,,
323.5,5.4,30,-60,,,
323.75,5.4,30,-60,,,
324,5.4,30,-60,,,
324.25,5.4,30,-60,,,
324.5,5.4,30,-60,,,
324.75,5.4,30,-60,,,
325,5.4,30,-60,,,
325.25,5.4,30,-60,,,
325.5,5.4,30,-60,,,
325.75,5.4,30,-60,,,
326,5.4,30,-60,,,
326.25,5.4,30,-60,,,
326.5,5.4,30,-60,,,
326.75,5.4,30,-60,,,
327,5.5,30,-60,,,
327.25,5.5,30,-60,,,
327.5,5.5,30,-60,,,
327.75,5.5,30,-60,,,
328,5.5,30,-60,,,
328.25,5.5,30,-60,,,
328.5,5.5,30,-60,,,
328.75,5.5,30,-60,,,
329,5.5,30,-60,,,
329.25,5.5,30,-60,,,
329.5,5.5,30,-60,,,
329.75,5.5,30,-60,,,
330,5.5,30,-60,,,
330.25,5.5,30,-60,,,
330.5,5.5,30,-60,,,
330.75,5.5,30,-60,,,
331,5.5,30,-60,,,
331.25,5.5,30,-60,,,
331.5,5.5,30,-60,,,
331.75,5.5,30,-60,,,
332,5.5,30,-60,,,
332.25,5.5,30,-60,,,
332.5,5.5,30,-60,,,
332.75,5.5,30,-60,,,
333,5.6,30,-60,,,
333.25,5.6,30,-60,,,
333.5,5.6,30,-60,,,
333.75,5.6,30,-60,,,
334,5.6,30,-60,,,
334.25,5.6,30,-60,,,
334.5,5.6,30,-60,,,
334.75,5.6,30,-60,,,
335,5.6,30,-60,,,
335.25,5.6,30,-60,,,
335.5,5.6,30,-60,,,
335.75,5.6,30,-60,,,
336,5.6,30,-60,,,
336.25,5.6,30,-60,,,
336.5,5.6,30,-60,,,
336.75,5.6,30,-60,,,
337,5.6,30,-60,,,
337.25,5.6,30,-60,,,
337.5,5.6,30,-60,,,
337.75,5.6,30,-60,,,
338,5.6,30,-60,,,
338.25,5.6,30,-60,,,
338.5,5.6,30,-60,,,
338.75,5.6,30,-60,,,
339,5.7,30,-60,,,
339.25,5.7,30,-60,,,
339.5,5.7,30,-60,,,
339.75,5.7,30,-60,,,
340,5.7,30,-60,,,
340.25,5.7,30,-60,,,
340.5,5.7,30,-60,,,
340.75,5.7,30,-60,,,
341,5.7,30,-60,,,
341.25,5.7,30,-60,,,
341.5,5.7,30,-60,,,
341.75,5.7,30,-60,,,
342,5.7,30,-60,,,
342.25,5.7,30,-60,,,
342.5,5.7,30,-60,,,
342.75,5.7,30,-60,,,
343,5.7,30,-60,,,
343.25,5.7,30,-60,,,
343.5,5.7,30,-60,,,
343.75,5.7,30,-60,,,
344,5.7,30,-60,,,
344.25,5.7,30,-60,,,
344.5,5.7,30,-60,,,
344.75,5.7,30,-60,,,
345,5.8,30,-60,,,
345.25,5.8,30,-60,,,
345.5,5.8,30,-60,,,
345.75,5.8,30,-60,,,
346,5.8,30,-60,,,
346.25,5.8,30,-60,,,
346.5,5.8,30,-60,,,
346.75,5.8,30,-60,,,
347,5.8,30,-60,,,
347.25,5.8,30,-60,,,
347.5,5.8,30,-60,,,
347.75,5.8,30,-60,,,
348,5.8,30,-60,,,
348.25,5.8,30,-60,,,
348.5,5.8,30,-60,,,
348.75,5.8,30,-60,,,
349,5.8,30,-60,,,
349.25,5.8,30,-60,,,
349.5,5.8,30,-60,,,
349.75,5.8,30,-60,,,
350,5.8,30,-60,,,
350.25,5.8,30,-60,,,
350.5,5.8,30,-60,,,
350.75,5.8,30,-60,,,
351,5.9,30,-60,,,
351.25,5.9,30,-60,,,
351.5,5.9,30,-60,,,
351.75,5.9,30,-60,,,
352,5.9,30,-60,,,
352.25,5.9,30,-60,,,
352.5,5.9,30,-60,,,
352.75,5.9,30,-60,,,
353,5.9,30,-60,,,
353.25,5.9,30,-60,,,
353.5,5.9,30,-60,,,
353.75,5.9,30,-60,,,
354,5.9,30,-60,,,
354.25,5.9,30,-60,,,
354.5,5.9,30,-60,,,
354.75,5.9,30,-60,,,
355,5.9,30,-60,,,
355.25,5.9,30,-60,,,
355.5,5.9,30,-60,,,
355.75,5.9,30,-60,,,
356,5.9,30,-60,,,
356.25,5.9,30,-60,,,
356.5,5.9,30,-60,,,
356.75,5.9,30,-60,,,
357,6.0,30,-60,,,
357.25,6.0,30,-60,,,
357.5,6.0,30,-60,,,
357.75,6.0,30,-60,,,
358,6.0,30,-60,,,
358.25,6.0,30,-60,,,
358.5,6.0,30,-60,,,
358.75,6.0,30,-60,,,
359,6.0,30,-60,,,
359.25,6.0,30,-60,,,
359.5,6.0,30,-60,,,
359.75,6.0,30,-60,,,
360,6.0,30,-60,,,
360.25,6.0,30,-60.25,,,
360.5,6.0,30,-60.5,,,
360.75,6.0,30,-60.75,,,
361,6.0,30,-61,,,
361.25,6.0,30,-61.25,,,
361.5,6.0,30,-61.5,,,
361.75,6.0,30,-61.75,,,
362,6.0,30,-62,,,
362.25,6.0,30,-62.25,,,
362.5,6.0,30,-62.5,,,
362.75,6.0,30,-62.75,,,
363,6.1,30,-63,,,
363.25,6.1,30,-63.25,,,
363.5,6.1,30,-63.5,,,
363.75,6.1,30,-63.75,,,
364,6.1,30,-64,,,
364.25,6.1,30,-64.25,,,
364.5,6.1,30,-64.5,,,
364.75,6.1,30,-64.75,,,
365,6.1,30,-65,,,
365.25,6.1,30,-65.25,,,
365.5,6.1,30,-65.5,,,
365.75,6.1,30,-65.75,,,
366,6.1,30,-66,,,
366.25,6.1,30,-66.25,,,
366.5,6.1,30,-66.5,,,
366.75,6.1,30,-66.75,,,
367,6.1,30,-67,,,
367.25,6.1,30,-67.25,,,
367.5,6.1,30,-67.5,,,
367.75,6.1,30,-67.75,,,
368,6.1,30,-68,,,
368.25,6.1,30,-68.25,,,
368.5,6.1,30,-68.5,,,
368.75,6.1,30,-68.75,,,
369,6.2,30,-69,,,
369.25,6.2,30,-69.25,,,
369.5,6.2,30,-69.5,,,
369.75,6.2,30,-69.75,,,
370,6.2,30,-70,,,
370.25,6.2,30,-70.25,,,
370.5,6.2,30,-70.5,,,
370.75,6.2,30,-70.75,,,
371,6.2,30,-71,,,
371.25,6.2,30,-71.25,,,
371.5,6.2,30,-71.5,,,
371.75,6.2,30,-71.75,,,
372,6.2,30,-72,,,
372.25,6.2,30,-72.25,,,
372.5,6.2,30,-72.5,,,
372.75,6.2,30,-72.75,,,
373,6.2,30,-73,,,
373.25,6.2,30,-73.25,,,
373.5,6.2,30,-73.5,,,
373.75,6.2,30,-73.75,,,
374,6.2,30,-74,,,
374.25,6.2,30,-74.25,,,
374.5,6.2,30,-74.5,,,
374.75,6.2,30,-74.75,,,
375,6.3,30,-75,,,
375.25,6.3,30,-75.25,,,
375.5,6.3,30,-75.5,,,
375.75,6.3,30,-75.75,,,
376,6.3,30,-76,,,
376.25,6.3,30,-76.25,,,
376.5,6.3,30,-76.5,,,
376.75,6.3,30,-76.75,,,
377,6.3,30,-77,,,
377.25,6.3,30,-77.25,,,
377.5,6.3,30,-77.5,,,
377.75,6.3,30,-77.75,,,
378,6.3,30,-78,,,
378.25,6.3,30,-78.25,,,
378.5,6.3,30,-78.5,,,
378.75,6.3,30,-78.75,,,
379,6.3,30,-79,,,
379.25,6.3,30,-79.25,,,
379.5,6.3,30,-79.5,,,
379.75,6.3,30,-79.75,,,
380,6.3,30,-80,,,
380.25,6.3,30,-80,,,
380.5,6.3,30,-80,,,
380.75,6.3,30,-80,,,
381,6.4,30,-80,,,
381.25,6.4,30,-80,,,
381.5,6.4,30,-80,,,
381.75,6.4,30,-80,,,
382,6.4,30,-80,,,
382.25,6.4,30,-80,,,
382.5,6.4,30,-80,,,
382.75,6.4,30,-80,,,
383,6.4,30,-80,,,
383.25,6.4,30,-80,,,
383.5,6.4,30,-80,,,
383.75,6.4,30,-80,,,
384,6.4,30,-80,,,
384.25,6.4,30,-80,,,
384.5,6.4,30,-80,,,
384.75,6.4,30,-80,,,
385,6.4,30,-80,,,
385.25,6.4,30,-80,,,
385.5,6.4,30,-80,,,
385.75,6.4,30,-80,,,
386,6.4,30,-80,,,
386.25,6.4,30,-80,,,
386.5,6.4,30,-80,,,
386.75,6.4,30,-80,,,
387,6.5,30,-80,,,
387.25,6.5,30,-80,,,
387.5,6.5,30,-80,,,
387.75,6.5,30,-80,,,
388,6.5,30,-80,,,
388.25,6.5,30,-80,,,
388.5,6.5,30,-80,,,
388.75,6.5,30,-80,,,
389,6.5,30,-80,,,
389.25,6.5,30,-80,,,
389.5,6.5,30,-80,,,
389.75,6.5,30,-80,,,
390,6.5,30,-80,,,
390.25,6.5,30,-80,,,
390.5,6.5,30,-80,,,
390.75,6.5,30,-80,,,
391,6.5,30,-80,,,
391.25,6.5,30,-80,,,
391.5,6.5,30,-80,,,
391.75,6.5,30,-80,,,
392,6.5,30,-80,,,
392.25,6.5,30,-80,,,
392.5,6.5,30,-80,,,
392.75,6.5,30,-80,,,
393,6.6,30,-80,,,
393.25,6.6,30,-80,,,
393.5,6.6,30,-80,,,
393.75,6.6,30,-80,,,
394,6.6,30,-80,,,
394.25,6.6,30,-80,,,
394.5,6.6,30,-80,,,
394.75,6.6,30,-80,,,
395,6.6,30,-80,,,
395.25,6.6,30,-80,,,
395.5,6.6,30,-80,,,
395.75,6.6,30,-80,,,
396,6.6,30,-80,,,
396.25,6.6,30,-80,,,
396.5,6.6,30,-80,,,
396.75,6.6,30,-80,,,
397,6.6,30,-80,,,
397.25,6.6,30,-80,,,
397.5,6.6,30,-80,,,
397.75,6.6,30,-80,,,
398,6.6,30,-80,,,
398.25,6.6,30,-80,,,
398.5,6.6,30,-80,,,
398.75,6.6,30,-80,,,
399,6.7,30,-80,,,
399.25,6.7,30,-80,,,
399.5,6.7,30,-80,,,
399.75,6.7,30,-80,,,
400,6.7,30,-80,,,
400.25,6.7,30,-80,,,
400.5,6.7,30,-80,,,
400.75,6.7,30,-80,,,
401,6.7,30,-80,,,
401.25,6.7,30,-80,,,
401.5,6.7,30,-80,,,
401.75,6.7,30,-80,,,
402,6.7,30,-80,,,
402.25,6.7,30,-80,,,
402.5,6.7,30,-80,,,
402.75,6.7,30,-80,,,
403,6.7,30,-80,,,
403.25,6.7,30,-80,,,
403.5,6.7,30,-80,,,
403.75,6.7,30,-80,,,
404,6.7,30,-80,,,
404.25,6.7,30,-80,,,
404.5,6.7,30,-80,,,
404.75,6.7,30,-80,,,
405,6.8,30,-80,,,
405.25,6.8,30,-80,,,
405.5,6.8,30,-80,,,
405.75,6.8,30,-80,,,
406,6.8,30,-80,,,
406.25,6.8,30,-80,,,
406.5,6.8,30,-80,,,
406.75,6.8,30,-80,,,
407,6.8,30,-80,,,
407.25,6.8,30,-80,,,
407.5,6.8,30,-80,,,
407.75,6.8,30,-80,,,
408,6.8,30,-80,,,
408.25,6.8,30,-80,,,
408.5,6.8,30,-80,,,
408.75,6.8,30,-80,,,
409,6.8,30,-80,,,
409.25,6.8,30,-80,,,
409.5,6.8,30,-80,,,
409.75,6.8,30,-80,,,
410,6.8,30,-80,,,
410.25,6.8,30,-80,,,
410.5,6.8,30,-80,,,
410.75,6.8,30,-80,,,
411,6.9,30,-80,,,
411.25,6.9,30,-80,,,
411.5,6.9,30,-80,,,
411.75,6.9,30,-80,,,
412,6.9,30,-80,,,
412.25,6.9,30,-80,,,
412.5,6.9,30,-80,,,
412.75,6.9,30,-80,,,
413,6.9,30,-80,,,
413.25,6.9,30,-80,,,
413.5,6.9,30,-80,,,
413.75,6.9,30,-80,,,
414,6.9,30,-80,,,
414.25,6.9,30,-80,,,
414.5,6.9,30,-80,,,
414.75,6.9,30,-80,,,
415,6.9,30,-80,,,
415.25,6.9,30,-80,,,
415.5,6.9,30,-80,,,
415.75,6.9,30,-80,,,
416,6.9,30,-80,,,
416.25,6.9,30,-80,,,
416.5,6.9,30,-80,,,
416.75,6.9,30,-80,,,
417,7.0,30,-80,,,
417.25,7.0,30,-80,,,
417.5,7.0,30,-80,,,
417.75,7.0,30,-80,,,
418,7.0,30,-80,,,
418.25,7.0,30,-80,,,
418.5,7.0,30,-80,,,
418.75,7.0,30,-80,,,
419,7.0,30,-80,,,
419.25,7.0,30,-80,,,
419.5,7.0,30,-80,,,
419.75,7.0,30,-80,,,
420,7.0,30,-80,,,
420.25,7.0,30,-80,,,
420.5,7.0,30,-80,,,
420.75,7.0,30,-80,,,
421,7.0,30,-80,,,
421.25,7.0,30,-80,,,
421.5,7.0,30,-80,,,
421.75,7.0,30,-80,,,
422,7.0,30,-80,,,
422.25,7.0,30,-80,,,
422.5,7.0,30,-80,,,
422.75,7.0,30,-80,,,
423,7.1,30,-80,,,
423.25,7.1,30,-80,,,
423.5,7.1,30,-80,,,
423.75,7.1,30,-80,,,
424,7.1,30,-80,,,
424.25,7.1,30,-80,,,
424.5,7.1,30,-80,,,
424.75,7.1,30,-80,,,
425,7.1,30,-80,,,
425.25,7.1,30,-80,,,
425.5,7.1,30,-80,,,
425.75,7.1,30,-80,,,
426,7.1,30,-80,,,
426.25,7.1,30,-80,,,
426.5,7.1,30,-80,,,
426.75,7.1,30,-80,,,
427,7.1,30,-80,,,
427.25,7.1,30,-80,,,
427.5,7.1,30,-80,,,
427.75,7.1,30,-80,,,
428,7.1,30,-80,,,
428.25,7.1,30,-80,,,
428.5,7.1,30,-80,,,
428.75,7.1,30,-80,,,
429,7.2,30,-80,,,
429.25,7.2,30,-80,,,
429.5,7.2,30,-80,,,
429.75,7.2,30,-80,,,
430,7.2,30,-80,,,
430.25,7.2,30,-80,,,
430.5,7.2,30,-80,,,
430.75,7.2,30,-80,,,
431,7.2,30,-80,,,
431.25,7.2,30,-80,,,
431.5,7.2,30,-80,,,
431.75,7.2,30,-80,,,
432,7.2,30,-80,,,
432.25,7.2,30,-80,,,
432.5,7.2,30,-80,,,
432.75,7.2,30,-80,,,
433,7.2,30,-80,,,
433.25,7.2,30,-80,,,
433.5,7.2,30,-80,,,
433.75,7.2,30,-80,,,
434,7.2,30,-80,,,
434.25,7.2,30,-80,,,
434.5,7.2,30,-80,,,
434.75,7.2,30,-80,,,
435,7.3,30,-80,,,
435.25,7.3,30,-80,,,
435.5,7.3,30,-80,,,
435.75,7.3,30,-80,,,
436,7.3,30,-80,,,
436.25,7.3,30,-80,,,
436.5,7.3,30,-80,,,
436.75,7.3,30,-80,,,
437,7.3,30,-80,,,
437.25,7.3,30,-80,,,
437.5,7.3,30,-80,,,
437.75,7.3,30,-80,,,
438,7.3,30,-80,,,
438.25,7.3,30,-80,,,
438.5,7.3,30,-80,,,
438.75,7.3,30,-80,,,
439,7.3,30,-80,,,
439.25,7.3,30,-80,,,
439.5,7.3,30,-80,,,
439.75,7.3,30,-80,,,
440,7.3,30,-80,,,
440.25,7.3,30,-80,,,
440.5,7.3,30,-80,,,
440.75,7.3,30,-80,,,
441,7.4,30,-80,,,
441.25,7.4,30,-80,,,
441.5,7.4,30,-80,,,
441.75,7.4,30,-80,,,
442,7.4,30,-80,,,
442.25,7.4,30,-80,,,
442.5,7.4,30,-80,,,
442.75,7.4,30,-80,,,
443,7.4,30,-80,,,
443.25,7.4,30,-80,,,
443.5,7.4,30,-80,,,
443.75,7.4,30,-80,,,
444,7.4,30,-80,,,
444.25,7.4,30,-80,,,
444.5,7.4,30,-80,,,
444.75,7.4,30,-80,,,
445,7.4,30,-80,,,
445.25,7.4,30,-80,,,
445.5,7.4,30,-80,,,
445.75,7.4,30,-80,,,
446,7.4,30,-80,,,
446.25,7.4,30,-80,,,
446.5,7.4,30,-80,,,
446.75,7.4,30,-80,,,
447,7.5,30,-80,,,
447.25,7.5,30,-80,,,
447.5,7.5,30,-80,,,
447.75,7.5,30,-80,,,
448,7.5,30,-80,,,
448.25,7.5,30,-80,,,
448.5,7.5,30,-80,,,
448.75,7.5,30,-80,,,
449,7.5,30,-80,,,
449.25,7.5,30,-80,,,
449.5,7.5,30,-80,,,
449.75,7.5,30,-80,,,
450,7.5,30,-80,,,
450.25,7.5,30,-80,,,
450.5,7.5,30,-80,,,
450.75,7.5,30,-80,,,
451,7.5,30,-80,,,
451.25,7.5,30,-80,,,
451.5,7.5,30,-80,,,
451.75,7.5,30,-80,,,
452,7.5,30,-80,,,
452.25,7.5,30,-80,,,
452.5,7.5,30,-80,,,
452.75,7.5,30,-80,,,
453,7.6,30,-80,,,
453.25,7.6,30,-80,,,
453.5,7.6,30,-80,,,
453.75,7.6,30,-80,,,
454,7.6,30,-80,,,
454.25,7.6,30,-80,,,
454.5,7.6,30,-80,,,
454.75,7.6,30,-80,,,
455,7.6,30,-80,,,
455.25,7.6,30,-80,,,
455.5,7.6,30,-80,,,
455.75,7.6,30,-80,,,
456,7.6,30,-80,,,
456.25,7.6,30,-80,,,
456.5,7.6,30,-80,,,
456.75,7.6,30,-80,,,
457,7.6,30,-80,,,
457.25,7.6,30,-80,,,
457.5,7.6,30,-80,,,
457.75,7.6,30,-80,,,
458,7.6,30,-80,,,
458.25,7.6,30,-80,,,
458.5,7.6,30,-80,,,
458.75,7.6,30,-80,,,
459,7.7,30,-80,,,
459.25,7.7,30,-80,,,
459.5,7.7,30,-80,,,
459.75,7.7,30,-80,,,
460,7.7,30,-80,,,
460.25,7.7,30,-80,,,
460.5,7.7,30,-80,,,
460.75,7.7,30,-80,,,
461,7.7,30,-80,,,
461.25,7.7,30,-80,,,
461.5,7.7,30,-80,,,
461.75,7.7,30,-80,,,
462,7.7,30,-80,,,
462.25,7.7,30,-80,,,
462.5,7.7,30,-80,,,
462.75,7.7,30,-80,,,
463,7.7,30,-80,,,
463.25,7.7,30,-80,,,
463.5,7.7,30,-80,,,
463.75,7.7,30,-80,,,
464,7.7,30,-80,,,
464.25,7.7,30,-80,,,
464.5,7.7,30,-80,,,
464.75,7.7,30,-80,,,
465,7.8,30,-80,,,
465.25,7.8,30,-80,,,
465.5,7.8,30,-80,,,
465.75,7.8,30,-80,,,
466,7.8,30,-80,,,
466.25,7.8,30,-80,,,
466.5,7.8,30,-80,,,
466.75,7.8,30,-80,,,
467,7.8,30,-80,,,
467.25,7.8,30,-80,,,
467.5,7.8,30,-80,,,
467.75,7.8,30,-80,,,
468,7.8,30,-80,,,
468.25,7.8,30,-80,,,
468.5,7.8,30,-80,,,
468.75,7.8,30,-80,,,
469,7.8,30,-80,,,
469.25,7.8,30,-80,,,
469.5,7.8,30,-80,,,
469.75,7.8,30,-80,,,
470,7.8,30,-80,,,
470.25,7.8,30,-80,,,
470.5,7.8,30,-80,,,
470.75,7.8,30,-80,,,
471,7.9,30,-80,,,
471.25,7.9,30,-80,,,
471.5,7.9,30,-80,,,
471.75,7.9,30,-80,,,
472,7.9,30,-80,,,
472.25,7.9,30,-80,,,
472.5,7.9,30,-80,,,
472.75,7.9,30,-80,,,
473,7.9,30,-80,,,
473.25,7.9,30,-80,,,
473.5,7.9,30,-80,,,
473.75,7.9,30,-80,,,
474,7.9,30,-80,,,
474.25,7.9,30,-80,,,
474.5,7.9,30,-80,,,
474.75,7.9,30,-80,,,
475,7.9,30,-80,,,
475.25,7.9,30,-80,,,
475.5,7.9,30,-80,,,
475.75,7.9,30,-80,,,
476,7.9,30,-80,,,
476.25,7.9,30,-80,,,
476.5,7.9,30,-80,,,
476.75,7.9,30,-80,,,
477,8.0,30,-80,,,
477.25,8.0,30,-80,,,
477.5,8.0,30,-80,,,
477.75,8.0,30,-80,,,
478,8.0,30,-80,,,
478.25,8.0,30,-80,,,
478.5,8.0,30,-80,,,
478.75,8.0,30,-80,,,
479,8.0,30,-80,,,
479.25,8.0,30,-80,,,
479.5,8.0,30,-80,,,
479.75,8.0,30,-80,,,
480,8.0,30,-80,,,
480.25,8.0,30,-80,,,
480.5,8.0,30,-80,,,
480.75,8.0,30,-80,,,
481,8.0,30,-80,,,
481.25,8.0,30,-80,,,
481.5,8.0,30,-80,,,
481.75,8.0,30,-80,,,
482,8.0,30,-80,,,
482.25,8.0,30,-80,,,
482.5,8.0,30,-80,,,
482.75,8.0,30,-80,,,
483,8.1,30,-80,,,
483.25,8.1,30,-80,,,
483.5,8.1,30,-80,,,
483.75,8.1,30,-80,,,
484,8.1,30,-80,,,
484.25,8.1,30,-80,,,
484.5,8.1,30,-80,,,
484.75,8.1,30,-80,,,
485,8.1,30,-80,,,
485.25,8.1,30,-80,,,
485.5,8.1,30,-80,,,
485.75,8.1,30,-80,,,
486,8.1,30,-80,,,
486.25,8.1,30,-80,,,
486.5,8.1,30,-80,,,
486.75,8.1,30,-80,,,
487,8.1,30,-80,,,
487.25,8.1,30,-80,,,
487.5,8.1,30,-80,,,
487.75,8.1,30,-80,,,
488,8.1,30,-80,,,
488.25,8.1,30,-80,,,
488.5,8.1,30,-80,,,
488.75,8.1,30,-80,,,
489,8.2,30,-80,,,
489.25,8.2,30,-80,,,
489.5,8.2,30,-80,,,
489.75,8.2,30,-80,,,
490,8.2,30,-80,,,
490.25,8.2,30,-80,,,
490.5,8.2,30,-80,,,
490.75,8.2,30,-80,,,
491,8.2,30,-80,,,
491.25,8.2,30,-80,,,
491.5,8.2,30,-80,,,
491.75,8.2,30,-80,,,
492,8.2,30,-80,,,
492.25,8.2,30,-80,,,
492.5,8.2,30,-80,,,
492.75,8.2,30,-80,,,
493,8.2,30,-80,,,
493.25,8.2,30,-80,,,
493.5,8.2,30,-80,,,
493.75,8.2,30,-80,,,
494,8.2,30,-80,,,
494.25,8.2,30,-80,,,
494.5,8.2,30,-80,,,
494.75,8.2,30,-80,,,
495,8.3,30,-80,,,
495.25,8.3,30,-80,,,
495.5,8.3,30,-80,,,
495.75,8.3,30,-80,,,
496,8.3,30,-80,,,
496.25,8.3,30,-80,,,
496.5,8.3,30,-80,,,
496.75,8.3,30,-80,,,
497,8.3,30,-80,,,
497.25,8.3,30,-80,,,
497.5,8.3,30,-80,,,
497.75,8.3,30,-80,,,
498,8.3,30,-80,,,
498.25,8.3,30,-80,,,
498.5,8.3,30,-80,,,
498.75,8.3,30,-80,,,
499,8.3,30,-80,,,
499.25,8.3,30,-80,,,
499.5,8.3,30,-80,,,
499.75,8.3,30,-80,,,
500,8.3,30,-80,,,
500.25,8.3,30,-80,,,
500.5,8.3,30,-80,,,
500.75,8.3,30,-80,,,
501,8.4,30,-80,,,
501.25,8.4,30,-80,,,
501.5,8.4,30,-80,,,
501.75,8.4,30,-80,,,
502,8.4,30,-80,,,
502.25,8.4,30,-80,,,
502.5,8.4,30,-80,,,
502.75,8.4,30,-80,,,
503,8.4,30,-80,,,
503.25,8.4,30,-80,,,
503.5,8.4,30,-80,,,
503.75,8.4,30,-80,,,
504,8.4,30,-80,,,
504.25,8.4,30,-80,,,
504.5,8.4,30,-80,,,
504.75,8.4,30,-80,,,
505,8.4,30,-80,,,
505.25,8.4,30,-80,,,
505.5,8.4,30,-80,,,
505.75,8.4,30,-80,,,
506,8.4,30,-80,,,
506.25,8.4,30,-80,,,
506.5,8.4,30,-80,,,
506.75,8.4,30,-80,,,
507,8.5,30,-80,,,
507.25,8.5,30,-80,,,
507.5,8.5,30,-80,,,
507.75,8.5,30,-80,,,
508,8.5,30,-80,,,
508.25,8.5,30,-80,,,
508.5,8.5,30,-80,,,
508.75,8.5,30,-80,,,
509,8.5,30,-80,,,
509.25,8.5,30,-80,,,
509.5,8.5,30,-80,,,
509.75,8.5,30,-80,,,
510,8.5,30,-80,,,
510.25,8.5,30,-80,,,
510.5,8.5,30,-80,,,
510.75,8.5,30,-80,,,
511,8.5,30,-80,,,
511.25,8.5,30,-80,,,
511.5,8.5,30,-80,,,
511.75,8.5,30,-80,,,
512,8.5,30,-80,,,
512.25,8.5,30,-80,,,
512.5,8.5,30,-80,,,
512.75,8.5,30,-80,,,
513,8.6,30,-80,,,
513.25,8.6,30,-80,,,
513.5,8.6,30,-80,,,
513.75,8.6,30,-80,,,
514,8.6,30,-80,,,
514.25,8.6,30,-80,,,
514.5,8.6,30,-80,,,
514.75,8.6,30,-80,,,
515,8.6,30,-80,,,
515.25,8.6,30,-80,,,
515.5,8.6,30,-80,,,
515.75,8.6,30,-80,,,
516,8.6,30,-80,,,
516.25,8.6,30,-80,,,
516.5,8.6,30,-80,,,
516.75,8.6,30,-80,,,
517,8.6,30,-80,,,
517.25,8.6,30,-80,,,
517.5,8.6,30,-80,,,
517.75,8.6,30,-80,,,
518,8.6,30,-80,,,
518.25,8.6,30,-80,,,
518.5,8.6,30,-80,,,
518.75,8.6,30,-80,,,
519,8.7,30,-80,,,
519.25,8.7,30,-80,,,
519.5,8.7,30,-80,,,
519.75,8.7,30,-80,,,
520,8.7,30,-80,,,
520.25,8.7,30,-80,,,
520.5,8.7,30,-80,,,
520.75,8.7,30,-80,,,
521,8.7,30,-80,,,
521.25,8.7,30,-80,,,
521.5,8.7,30,-80,,,
521.75,8.7,30,-80,,,
522,8.7,30,-80,,,
522.25,8.7,30,-80,,,
522.5,8.7,30,-80,,,
522.75,8.7,30,-80,,,
523,8.7,30,-80,,,
523.25,8.7,30,-80,,,
523.5,8.7,30,-80,,,
523.75,8.7,30,-80,,,
524,8.7,30,-80,,,
524.25,8.7,30,-80,,,
524.5,8.7,30,-80,,,
524.75,8.7,30,-80,,,
525,8.8,30,-80,,,
525.25,8.8,30,-80,,,
525.5,8.8,30,-80,,,
525.75,8.8,30,-80,,,
526,8.8,30,-80,,,
526.25,8.8,30,-80,,,
526.5,8.8,30,-80,,,
526.75,8.8,30,-80,,,
527,8.8,30,-80,,,
527.25,8.8,30,-80,,,
527.5,8.8,30,-80,,,
527.75,8.8,30,-80,,,
528,8.8,30,-80,,,
528.25,8.8,30,-80,,,
528.5,8.8,30,-80,,,
528.75,8.8,30,-80,,,
529,8.8,30,-80,,,
529.25,8.8,30,-80,,,
529.5,8.8,30,-80,,,
529.75,8.8,30,-80,,,
530,8.8,30,-80,,,
530.25,8.8,30,-80,,,
530.5,8.8,30,-80,,,
530.75,8.8,30,-80,,,
531,8.9,30,-80,,,
531.25,8.9,30,-80,,,
531.5,8.9,30,-80,,,
531.75,8.9,30,-80,,,
532,8.9,30,-80,,,
532.25,8.9,30,-80,,,
532.5,8.9,30,-80,,,
532.75,8.9,30,-80,,,
533,8.9,30,-80,,,
533.25,8.9,30,-80,,,
533.5,8.9,30,-80,,,
533.75,8.9,30,-80,,,
534,8.9,30,-80,,,
534.25,8.9,30,-80,,,
534.5,8.9,30,-80,,,
534.75,8.9,30,-80,,,
535,8.9,30,-80,,,
535.25,8.9,30,-80,,,
535.5,8.9,30,-80,,,
535.75,8.9,30,-80,,,
536,8.9,30,-80,,,
536.25,8.9,30,-80,,,
536.5,8.9,30,-80,,,
536.75,8.9,30,-80,,,
537,9.0,30,-80,,,
537.25,9.0,30,-80,,,
537.5,9.0,30,-80,,,
537.75,9.0,30,-80,,,
538,9.0,30,-80,,,
538.25,9.0,30,-80,,,
538.5,9.0,30,-80,,,
538.75,9.0,30,-80,,,
539,9.0,30,-80,,,
539.25,9.0,30,-80,,,
539.5,9.0,30,-80,,,
539.75,9.0,30,-80,,,
540,9.0,30,-80,,,
540.25,9.0,30,-80,,,
540.5,9.0,30,-80,,,
540.75,9.0,30,-80,,,
541,9.0,30,-80,,,
541.25,9.0,30,-80,,,
541.5,9.0,30,-80,,,
541.75,9.0,30,-80,,,
542,9.0,30,-80,,,
542.25,9.0,30,-80,,,
542.5,9.0,30,-80,,,
542.75,9.0,30,-80,,,
543,9.1,30,-80,,,
543.25,9.1,30,-80,,,
543.5,9.1,30,-80,,,
543.75,9.1,30,-80,,,
544,9.1,30,-80,,,
544.25,9.1,30,-80,,,
544.5,9.1,30,-80,,,
544.75,9.1,30,-80,,,
545,9.1,30,-80,,,
545.25,9.1,30,-80,,,
545.5,9.1,30,-80,,,
545.75,9.1,30,-80,,,
546,9.1,30,-80,,,
546.25,9.1,30,-80,,,
546.5,9.1,30,-80,,,
546.75,9.1,30,-80,,,
547,9.1,30,-80,,,
547.25,9.1,30,-80,,,
547.5,9.1,30,-80,,,
547.75,9.1,30,-80,,,
548,9.1,30,-80,,,
548.25,9.1,30,-80,,,
548.5,9.1,30,-80,,,
548.75,9.1,30,-80,,,
549,9.2,30,-80,,,
549.25,9.2,30,-80,,,
549.5,9.2,30,-80,,,
549.75,9.2,30,-80,,,
550,9.2,30,-80,,,
550.25,9.2,30,-80,,,
550.5,9.2,30,-80,,,
550.75,9.2,30,-80,,,
551,9.2,30,-80,,,
551.25,9.2,30,-80,,,
551.5,9.2,30,-80,,,
551.75,9.2,30,-80,,,
552,9.2,30,-80,,,
552.25,9.2,30,-80,,,
552.5,9.2,30,-80,,,
552.75,9.2,30,-80,,,
553,9.2,30,-80,,,
553.25,9.2,30,-80,,,
553.5,9.2,30,-80,,,
553.75,9.2,30,-80,,,
554,9.2,30,-80,,,
554.25,9.2,30,-80,,,
554.5,9.2,30,-80,,,
554.75,9.2,30,-80,,,
555,9.3,30,-80,,,
555.25,9.3,30,-80,,,
555.5,9.3,30,-80,,,
555.75,9.3,30,-80,,,
556,9.3,30,-80,,,
556.25,9.3,30,-80,,,
556.5,9.3,30,-80,,,
556.75,9.3,30,-80,,,
557,9.3,30,-80,,,
557.25,9.3,30,-80,,,
557.5,9.3,30,-80,,,
557.75,9.3,30,-80,,,
558,9.3,30,-80,,,
558.25,9.3,30,-80,,,
558.5,9.3,30,-80,,,
558.75,9.3,30,-80,,,
559,9.3,30,-80,,,
559.25,9.3,30,-80,,,
559.5,9.3,30,-80,,,
559.75,9.3,30,-80,,,
560,9.3,30,-80,,,
560.25,9.3,30,-80,,,
560.5,9.3,30,-80,,,
560.75,9.3,30,-80,,,
561,9.4,30,-80,,,
561.25,9.4,30,-80,,,
561.5,9.4,30,-80,,,
561.75,9.4,30,-80,,,
562,9.4,30,-80,,,
562.25,9.4,30,-80,,,
562.5,9.4,30,-80,,,
562.75,9.4,30,-80,,,
563,9.4,30,-80,,,
563.25,9.4,30,-80,,,
563.5,9.4,30,-80,,,
563.75,9.4,30,-80,,,
564,9.4,30,-80,,,
564.25,9.4,30,-80,,,
564.5,9.4,30,-80,,,
564.75,9.4,30,-80,,,
565,9.4,30,-80,,,
565.25,9.4,30,-80,,,
565.5,9.4,30,-80,,,
565.75,9.4,30,-80,,,
566,9.4,30,-80,,,
566.25,9.4,30,-80,,,
566.5,9.4,30,-80,,,
566.75,9.4,30,-80,,,
567,9.5,30,-80,,,
567.25,9.5,30,-80,,,
567.5,9.5,30,-80,,,
567.75,9.5,30,-80,,,
568,9.5,30,-80,,,
568.25,9.5,30,-80,,,
568.5,9.5,30,-80,,,
568.75,9.5,30,-80,,,
569,9.5,30,-80,,,
569.25,9.5,30,-80,,,
569.5,9.5,30,-80,,,
569.75,9.5,30,-80,,,
570,9.5,30,-80,,,
570.25,9.5,30,-80,,,
570.5,9.5,30,-80,,,
570.75,9.5,30,-80,,,
571,9.5,30,-80,,,
571.25,9.5,30,-80,,,
571.5,9.5,30,-80,,,
571.75,9.5,30,-80,,,
572,9.5,30,-80,,,
572.25,9.5,30,-80,,,
572.5,9.5,30,-80,,,
572.75,9.5,30,-80,,,
573,9.6,30,-80,,,
573.25,9.6,30,-80,,,
573.5,9.6,30,-80,,,
573.75,9.6,30,-80,,,
574,9.6,30,-80,,,
574.25,9.6,30,-80,,,
574.5,9.6,30,-80,,,
574.75,9.6,30,-80,,,
575,9.6,30,-80,,,
575.25,9.6,30,-80,,,
575.5,9.6,30,-80,,,
575.75,9.6,30,-80,,,
576,9.6,30,-80,,,
576.25,9.6,30,-80,,,
576.5,9.6,30,-80,,,
576.75,9.6,30,-80,,,
577,9.6,30,-80,,,
577.25,9.6,30,-80,,,
577.5,9.6,30,-80,,,
577.75,9.6,30,-80,,,
578,9.6,30,-80,,,
578.25,9.6,30,-80,,,
578.5,9.6,30,-80,,,
578.75,9.6,30,-80,,,
579,9.7,30,-80,,,
579.25,9.7,30,-80,,,
579.5,9.7,30,-80,,,
579.75,9.7,30,-80,,,
580,9.7,30,-80,,,
580.25,9.7,30,-80,,,
580.5,9.7,30,-80,,,
580.75,9.7,30,-80,,,
581,9.7,30,-80,,,
581.25,9.7,30,-80,,,
581.5,9.7,30,-80,,,
581.75,9.7,30,-80,,,
582,9.7,30,-80,,,
582.25,9.7,30,-80,,,
582.5,9.7,30,-80,,,
582.75,9.7,30,-80,,,
583,9.7,30,-80,,,
583.25,9.7,30,-80,,,
583.5,9.7,30,-80,,,
583.75,9.7,30,-80,,,
584,9.7,30,-80,,,
584.25,9.7,30,-80,,,
584.5,9.7,30,-80,,,
584.75,9.7,30,-80,,,
585,9.8,30,-80,,,
585.25,9.8,30,-80,,,
585.5,9.8,30,-80,,,
585.75,9.8,30,-80,,,
586,9.8,30,-80,,,
586.25,9.8,30,-80,,,
586.5,9.8,30,-80,,,
586.75,9.8,30,-80,,,
587,9.8,30,-80,,,
587.25,9.8,30,-80,,,
587.5,9.8,30,-80,,,
587.75,9.8,30,-80,,,
588,9.8,30,-80,,,
588.25,9.8,30,-80,,,
588.5,9.8,30,-80,,,
588.75,9.8,30,-80,,,
589,9.8,30,-80,,,
589.25,9.8,30,-80,,,
589.5,9.8,30,-80,,,
589.75,9.8,30,-80,,,
590,9.8,30,-80,,,
590.25,9.8,30,-80,,,
590.5,9.8,30,-80,,,
590.75,9.8,30,-80,,,
591,9.9,30,-80,,,
591.25,9.9,30,-80,,,
591.5,9.9,30,-80,,,
591.75,9.9,30,-80,,,
592,9.9,30,-80,,,
592.25,9.9,30,-80,,,
592.5,9.9,30,-80,,,
592.75,9.9,30,-80,,,
593,9.9,30,-80,,,
593.25,9.9,30,-80,,,
593.5,9.9,30,-80,,,
593.75,9.9,30,-80,,,
594,9.9,30,-80,,,
594.25,9.9,30,-80,,,
594.5,9.9,30,-80,,,
594.75,9.9,30,-80,,,
595,9.9,30,-80,,,
595.25,9.9,30,-80,,,
595.5,9.9,30,-80,,,
595.75,9.9,30,-80,,,
596,9.9,30,-80,,,
596.25,9.9,30,-80,,,
596.5,9.9,30,-80,,,
596.75,9.9,30,-80,,,
597,10.0,30,-80,,,
597.25,10.0,30,-80,,,
597.5,10.0,30,-80,,,
597.75,10.0,30,-80,,,
598,10.0,30,-80,,,
598.25,10.0,30,-80,,,
598.5,10.0,30,-80,,,
598.75,10.0,30,-80,,,
599,10.0,30,-80,,,
599.25,10.0,30,-80,,,
599.5,10.0,30,-80,,,
599.75,10.0,30,-80,,,
600,10.0,30,-80,,,
600.25,10.0,30,-80,,,
600.5,10.0,30,-80,,,
600.75,10.0,30,-80,,,
601,10.0,30,-80,,,
601.25,10.0,30,-80,,,
601.5,10.0,30,-80,,,
601.75,10.0,30,-80,,,
602,10.0,30,-80,,,
602.25,10.0,30,-80,,,
602.5,10.0,30,-80,,,
602.75,10.0,30,-80,,,
603,10.1,30,-80,,,
603.25,10.1,30,-80,,,
603.5,10.1,30,-80,,,
603.75,10.1,30,-80,,,
604,10.1,30,-80,,,
604.25,10.1,30,-80,,,
604.5,10.1,30,-80,,,
604.75,10.1,30,-80,,,
605,10.1,30,-80,,,
605.25,10.1,30,-80,,,
605.5,10.1,30,-80,,,
605.75,10.1,30,-80,,,
606,10.1,30,-80,,,
606.25,10.1,30,-80,,,
606.5,10.1,30,-80,,,
606.75,10.1,30,-80,,,
607,10.1,30,-80,,,
607.25,10.1,30,-80,,,
607.5,10.1,30,-80,,,
607.75,10.1,30,-80,,,
608,10.1,30,-80,,,
608.25,10.1,30,-80,,,
608.5,10.1,30,-80,,,
608.75,10.1,30,-80,,,
609,10.2,30,-80,,,
609.25,10.2,30,-80,,,
609.5,10.2,30,-80,,,
609.75,10.2,30,-80,,,
610,10.2,30,-80,,,
610.25,10.2,30,-80,,,
610.5,10.2,30,-80,,,
610.75,10.2,30,-80,,,
611,10.2,30,-80,,,
611.25,10.2,30,-80,,,
611.5,10.2,30,-80,,,
611.75,10.2,30,-80,,,
612,10.2,30,-80,,,
612.25,10.2,30,-80,,,
612.5,10.2,30,-80,,,
612.75,10.2,30,-80,,,
613,10.2,30,-80,,,
613.25,10.2,30,-80,,,
613.5,10.2,30,-80,,,
613.75,10.2,30,-80,,,
614,10.2,30,-80,,,
614.25,10.2,30,-80,,,
614.5,10.2,30,-80,,,
614.75,10.2,30,-80,,,
615,10.3,30,-80,,,
615.25,10.3,30,-80,,,
615.5,10.3,30,-80,,,
615.75,10.3,30,-80,,,
616,10.3,30,-80,,,
616.25,10.3,30,-80,,,
616.5,10.3,30,-80,,,
616.75,10.3,30,-80,,,
617,10.3,30,-80,,,
617.25,10.3,30,-80,,,
617.5,10.3,30,-80,,,
617.75,10.3,30,-80,,,
618,10.3,30,-80,,,
618.25,10.3,30,-80,,,
618.5,10.3,30,-80,,,
618.75,10.3,30,-80,,,
619,10.3,30,-80,,,
619.25,10.3,30,-80,,,
619.5,10.3,30,-80,,,
619.75,10.3,30,-80,,,
620,10.3,30,-80,,,
620.25,10.3,30,-80,,,
620.5,10.3,30,-80,,,
620.75,10.3,30,-80,,,
621,10.4,30,-80,,,
621.25,10.4,30,-80,,,
621.5,10.4,30,-80,,,
621.75,10.4,30,-80,,,
622,10.4,30,-80,,,
622.25,10.4,30,-80,,,
622.5,10.4,30,-80,,,
622.75,10.4,30,-80,,,
623,10.4,30,-80,,,
623.25,10.4,30,-80,,,
623.5,10.4,30,-80,,,
623.75,10.4,30,-80,,,
624,10.4,30,-80,,,
624.25,10.4,30,-80,,,
624.5,10.4,30,-80,,,
624.75,10.4,30,-80,,,
625,10.4,30,-80,,,
625.25,10.4,30,-80,,,
625.5,10.4,30,-80,,,
625.75,10.4,30,-80,,,
626,10.4,30,-80,,,
626.25,10.4,30,-80,,,
626.5,10.4,30,-80,,,
626.75,10.4,30,-80,,,
627,10.5,30,-80,,,
627.25,10.5,30,-80,,,
627.5,10.5,30,-80,,,
627.75,10.5,30,-80,,,
628,10.5,30,-80,,,
628.25,10.5,30,-80,,,
628.5,10.5,30,-80,,,
628.75,10.5,30,-80,,,
629,10.5,30,-80,,,
629.25,10.5,30,-80,,,
629.5,10.5,30,-80,,,
629.75,10.5,30,-80,,,
630,10.5,30,-80,,,
630.25,10.5,30,-80,,,
630.5,10.5,30,-80,,,
630.75,10.5,30,-80,,,
631,10.5,30,-80,,,
631.25,10.5,30,-80,,,
631.5,10.5,30,-80,,,
631.75,10.5,30,-80,,,
632,10.5,30,-80,,,
632.25,10.5,30,-80,,,
632.5,10.5,30,-80,,,
632.75,10.5,30,-80,,,
633,10.6,30,-80,,,
633.25,10.6,30,-80,,,
633.5,10.6,30,-80,,,
633.75,10.6,30,-80,,,
634,10.6,30,-80,,,
634.25,10.6,30,-80,,,
634.5,10.6,30,-80,,,
634.75,10.6,30,-80,,,
635,10.6,30,-80,,,
635.25,10.6,30,-80,,,
635.5,10.6,30,-80,,,
635.75,10.6,30,-80,,,
636,10.6,30,-80,,,
636.25,10.6,30,-80,,,
636.5,10.6,30,-80,,,
636.75,10.6,30,-80,,,
637,10.6,30,-80,,,
637.25,10.6,30,-80,,,
637.5,10.6,30,-80,,,
637.75,10.6,30,-80,,,
638,10.6,30,-80,,,
638.25,10.6,30,-80,,,
638.5,10.6,30,-80,,,
638.75,10.6,30,-80,,,
639,10.7,30,-80,,,
639.25,10.7,30,-80,,,
639.5,10.7,30,-80,,,
639.75,10.7,30,-80,,,
640,10.7,30,-80,,,
640.25,10.7,30,-80,,,
640.5,10.7,30,-80,,,
640.75,10.7,30,-80,,,
641,10.7,30,-80,,,
641.25,10.7,30,-80,,,
641.5,10.7,30,-80,,,
641.75,10.7,30,-80,,,
642,10.7,30,-80,,,
642.25,10.7,30,-80,,,
642.5,10.7,30,-80,,,
642.75,10.7,30,-80,,,
643,10.7,30,-80,,,
643.25,10.7,30,-80,,,
643.5,10.7,30,-80,,,
643.75,10.7,30,-80,,,
644,10.7,30,-80,,,
644.25,10.7,30,-80,,,
644.5,10.7,30,-80,,,
644.75,10.7,30,-80,,,
645,10.8,30,-80,,,
645.25,10.8,30,-80,,,
645.5,10.8,30,-80,,,
645.75,10.8,30,-80,,,
646,10.8,30,-80,,,
646.25,10.8,30,-80,,,
646.5,10.8,30,-80,,,
646.75,10.8,30,-80,,,
647,10.8,30,-80,,,
647.25,10.8,30,-80,,,
647.5,10.8,30,-80,,,
647.75,10.8,30,-80,,,
648,10.8,30,-80,,,
648.25,10.8,30,-80,,,
648.5,10.8,30,-80,,,
648.75,10.8,30,-80,,,
649,10.8,30,-80,,,
649.25,10.8,30,-80,,,
649.5,10.8,30,-80,,,
649.75,10.8,30,-80,,,
650,10.8,30,-80,,,
650.25,10.8,30,-80,,,
650.5,10.8,30,-80,,,
650.75,10.8,30,-80,,,
651,10.9,30,-80,,,
651.25,10.9,30,-80,,,
651.5,10.9,30,-80,,,
651.75,10.9,30,-80,,,
652,10.9,30,-80,,,
652.25,10.9,30,-80,,,
652.5,10.9,30,-80,,,
652.75,10.9,30,-80,,,
653,10.9,30,-80,,,
653.25,10.9,30,-80,,,
653.5,10.9,30,-80,,,
653.75,10.9,30,-80,,,
654,10.9,30,-80,,,
654.25,10.9,30,-80,,,
654.5,10.9,30,-80,,,
654.75,10.9,30,-80,,,
655,10.9,30,-80,,,
655.25,10.9,30,-80,,,
655.5,10.9,30,-80,,,
655.75,10.9,30,-80,,,
656,10.9,30,-80,,,
656.25,10.9,30,-80,,,
656.5,10.9,30,-80,,,
656.75,10.9,30,-80,,,
657,11.0,30,-80,,,
657.25,11.0,30,-80,,,
657.5,11.0,30,-80,,,
657.75,11.0,30,-80,,,
658,11.0,30,-80,,,
658.25,11.0,30,-80,,,
658.5,11.0,30,-80,,,
658.75,11.0,30,-80,,,
659,11.0,30,-80,,,
659.25,11.0,30,-80,,,
659.5,11.0,30,-80,,,
659.75,11.0,30,-80,,,
660,11.0,30,-80,,,
660.25,11.0,30,-80,,,
660.5,11.0,30,-80,,,
660.75,11.0,30,-80,,,
661,11.0,30,-80,,,
661.25,11.0,30,-80,,,
661.5,11.0,30,-80,,,
661.75,11.0,30,-80,,,
662,11.0,30,-80,,,
662.25,11.0,30,-80,,,
662.5,11.0,30,-80,,,
662.75,11.0,30,-80,,,
663,11.1,30,-80,,,
663.25,11.1,30,-80,,,
663.5,11.1,30,-80,,,
663.75,11.1,30,-80,,,
664,11.1,30,-80,,,
664.25,11.1,30,-80,,,
664.5,11.1,30,-80,,,
664.75,11.1,30,-80,,,
665,11.1,30,-80,,,
665.25,11.1,30,-80,,,
665.5,11.1,30,-80,,,
665.75,11.1,30,-80,,,
666,11.1,30,-80,,,
666.25,11.1,30,-80,,,
666.5,11.1,30,-80,,,
666.75,11.1,30,-80,,,
667,11.1,30,-80,,,
667.25,11.1,30,-80,,,
667.5,11.1,30,-80,,,
667.75,11.1,30,-80,,,
668,11.1,30,-80,,,
668.25,11.1,30,-80,,,
668.5,11.1,30,-80,,,
668.75,11.1,30,-80,,,
669,11.2,30,-80,,,
669.25,11.2,30,-80,,,
669.5,11.2,30,-80,,,
669.75,11.2,30,-80,,,
670,11.2,30,-80,,,
670.25,11.2,30,-80,,,
670.5,11.2,30,-80,,,
670.75,11.2,30,-80,,,
671,11.2,30,-80,,,
671.25,11.2,30,-80,,,
671.5,11.2,30,-80,,,
671.75,11.2,30,-80,,,
672,11.2,30,-80,,,
672.25,11.2,30,-80,,,
672.5,11.2,30,-80,,,
672.75,11.2,30,-80,,,
673,11.2,30,-80,,,
673.25,11.2,30,-80,,,
673.5,11.2,30,-80,,,
673.75,11.2,30,-80,,,
674,11.2,30,-80,,,
674.25,11.2,30,-80,,,
674.5,11.2,30,-80,,,
674.75,11.2,30,-80,,,
675,11.3,30,-80,,,
675.25,11.3,30,-80,,,
675.5,11.3,30,-80,,,
675.75,11.3,30,-80,,,
676,11.3,30,-80,,,
676.25,11.3,30,-80,,,
676.5,11.3,30,-80,,,
676.75,11.3,30,-80,,,
677,11.3,30,-80,,,
677.25,11.3,30,-80,,,
677.5,11.3,30,-80,,,
677.75,11.3,30,-80,,,
678,11.3,30,-80,,,
678.25,11.3,30,-80,,,
678.5,11.3,30,-80,,,
678.75,11.3,30,-80,,,
679,11.3,30,-80,,,
679.25,11.3,30,-80,,,
679.5,11.3,30,-80,,,
679.75,11.3,30,-80,,,
680,11.3,30,-80,,,
680.25,11.3,30,-80,,,
680.5,11.3,30,-80,,,
680.75,11.3,30,-80,,,
681,11.4,30,-80,,,
681.25,11.4,30,-80,,,
681.5,11.4,30,-80,,,
681.75,11.4,30,-80,,,
682,11.4,30,-80,,,
682.25,11.4,30,-80,,,
682.5,11.4,30,-80,,,
682.75,11.4,30,-80,,,
683,11.4,30,-80,,,
683.25,11.4,30,-80,,,
683.5,11.4,30,-80,,,
683.75,11.4,30,-80,,,
684,11.4,30,-80,,,
684.25,11.4,30,-80,,,
684.5,11.4,30,-80,,,
684.75,11.4,30,-80,,,
685,11.4,30,-80,,,
685.25,11.4,30,-80,,,
685.5,11.4,30,-80,,,
685.75,11.4,30,-80,,,
686,11.4,30,-80,,,
686.25,11.4,30,-80,,,
686.5,11.4,30,-80,,,
686.75,11.4,30,-80,,,
687,11.5,30,-80,,,
687.25,11.5,30,-80,,,
687.5,11.5,30,-80,,,
687.75,11.5,30,-80,,,
688,11.5,30,-80,,,
688.25,11.5,30,-80,,,
688.5,11.5,30,-80,,,
688.75,11.5,30,-80,,,
689,11.5,30,-80,,,
689.25,11.5,30,-80,,,
689.5,11.5,30,-80,,,
689.75,11.5,30,-80,,,
690,11.5,30,-80,,,
690.25,11.5,30,-80,,,
690.5,11.5,30,-80,,,
690.75,11.5,30,-80,,,
691,11.5,30,-80,,,
691.25,11.5,30,-80,,,
691.5,11.5,30,-80,,,
691.75,11.5,30,-80,,,
692,11.5,30,-80,,,
692.25,11.5,30,-80,,,
692.5,11.5,30,-80,,,
692.75,11.5,30,-80,,,
693,11.6,30,-80,,,
693.25,11.6,30,-80,,,
693.5,11.6,30,-80,,,
693.75,11.6,30,-80,,,
694,11.6,30,-80,,,
694.25,11.6,30,-80,,,
694.5,11.6,30,-80,,,
694.75,11.6,30,-80,,,
695,11.6,30,-80,,,
695.25,11.6,30,-80,,,
695.5,11.6,30,-80,,,
695.75,11.6,30,-80,,,
696,11.6,30,-80,,,
696.25,11.6,30,-80,,,
696.5,11.6,30,-80,,,
696.75,11.6,30,-80,,,
697,11.6,30,-80,,,
697.25,11.6,30,-80,,,
697.5,11.6,30,-80,,,
697.75,11.6,30,-80,,,
698,11.6,30,-80,,,
698.25,11.6,30,-80,,,
698.5,11.6,30,-80,,,
698.75,11.6,30,-80,,,
699,11.7,30,-80,,,
699.25,11.7,30,-80,,,
699.5,11.7,30,-80,,,
699.75,11.7,30,-80,,,
700,11.7,30,-80,,,
700.25,11.7,30,-80,,,
700.5,11.7,30,-80,,,
700.75,11.7,30,-80,,,
701,11.7,30,-80,,,
701.25,11.7,30,-80,,,
701.5,11.7,30,-80,,,
701.75,11.7,30,-80,,,
702,11.7,30,-80,,,
702.25,11.7,30,-80,,,
702.5,11.7,30,-80,,,
702.75,11.7,30,-80,,,
703,11.7,30,-80,,,
703.25,11.7,30,-80,,,
703.5,11.7,30,-80,,,
703.75,11.7,30,-80,,,
704,11.7,30,-80,,,
704.25,11.7,30,-80,,,
704.5,11.7,30,-80,,,
704.75,11.7,30,-80,,,
705,11.8,30,-80,,,
705.25,11.8,30,-80,,,
705.5,11.8,30,-80,,,
705.75,11.8,30,-80,,,
706,11.8,30,-80,,,
706.25,11.8,30,-80,,,
706.5,11.8,30,-80,,,
706.75,11.8,30,-80,,,
707,11.8,30,-80,,,
707.25,11.8,30,-80,,,
707.5,11.8,30,-80,,,
707.75,11.8,30,-80,,,
708,11.8,30,-80,,,
708.25,11.8,30,-80,,,
708.5,11.8,30,-80,,,
708.75,11.8,30,-80,,,
709,11.8,30,-80,,,
709.25,11.8,30,-80,,,
709.5,11.8,30,-80,,,
709.75,11.8,30,-80,,,
710,11.8,30,-80,,,
710.25,11.8,30,-80,,,
710.5,11.8,30,-80,,,
710.75,11.8,30,-80,,,
711,11.9,30,-80,,,
711.25,11.9,30,-80,,,
711.5,11.9,30,-80,,,
711.75,11.9,30,-80,,,
712,11.9,30,-80,,,
712.25,11.9,30,-80,,,
712.5,11.9,30,-80,,,
712.75,11.9,30,-80,,,
713,11.9,30,-80,,,
713.25,11.9,30,-80,,,
713.5,11.9,30,-80,,,
713.75,11.9,30,-80,,,
714,11.9,30,-80,,,
714.25,11.9,30,-80,,,
714.5,11.9,30,-80,,,
714.75,11.9,30,-80,,,
715,11.9,30,-80,,,
715.25,11.9,30,-80,,,
715.5,11.9,30,-80,,,
715.75,11.9,30,-80,,,
716,11.9,30,-80,,,
716.25,11.9,30,-80,,,
716.5,11.9,30,-80,,,
716.75,11.9,30,-80,,,
717,12.0,30,-80,,,
717.25,12.0,30,-80,,,
717.5,12.0,30,-80,,,
717.75,12.0,30,-80,,,
718,12.0,30,-80,,,
718.25,12.0,30,-80,,,
718.5,12.0,30,-80,,,
718.75,12.0,30,-80,,,
719,12.0,30,-80,,,
719.25,12.0,30,-80,,,
719.5,12.0,30,-80,,,
719.75,12.0,30,-80,,,
720,12.0,30,-80,,,
720.25,12.0,30,-80,,,
720.5,12.0,30,-80,,,
720.75,12.0,30,-80,,,
721,12.0,30,-80,,,
721.25,12.0,30,-80,,,
721.5,12.0,30,-80,,,
721.75,12.0,30,-80,,,
722,12.0,30,-80,,,
722.25,12.0,30,-80,,,
722.5,12.0,30,-80,,,
722.75,12.0,30,-80,,,
723,12.1,30,-80,,,
723.25,12.1,30,-80,,,
723.5,12.1,30,-80,,,
723.75,12.1,30,-80,,,
724,12.1,30,-80,,,
724.25,12.1,30,-80,,,
724.5,12.1,30,-80,,,
724.75,12.1,30,-80,,,
725,12.1,30,-80,,,
725.25,12.1,30,-80,,,
725.5,12.1,30,-80,,,
725.75,12.1,30,-80,,,
726,12.1,30,-80,,,
726.25,12.1,30,-80,,,
726.5,12.1,30,-80,,,
726.75,12.1,30,-80,,,
727,12.1,30,-80,,,
727.25,12.1,30,-80,,,
727.5,12.1,30,-80,,,
727.75,12.1,30,-80,,,
728,12.1,30,-80,,,
728.25,12.1,30,-80,,,
728.5,12.1,30,-80,,,
728.75,12.1,30,-80,,,
729,12.2,30,-80,,,
729.25,12.2,30,-80,,,
729.5,12.2,30,-80,,,
729.75,12.2,30,-80,,,
730,12.2,30,-80,,,
730.25,12.2,30,-80,,,
730.5,12.2,30,-80,,,
730.75,12.2,30,-80,,,
731,12.2,30,-80,,,
731.25,12.2,30,-80,,,
731.5,12.2,30,-80,,,
731.75,12.2,30,-80,,,
732,12.2,30,-80,,,
732.25,12.2,30,-80,,,
732.5,12.2,30,-80,,,
732.75,12.2,30,-80,,,
733,12.2,30,-80,,,
733.25,12.2,30,-80,,,
733.5,12.2,30,-80,,,
733.75,12.2,30,-80,,,
734,12.2,30,-80,,,
734.25,12.2,30,-80,,,
734.5,12.2,30,-80,,,
734.75,12.2,30,-80,,,
735,12.3,30,-80,,,
735.25,12.3,30,-80,,,
735.5,12.3,30,-80,,,
735.75,12.3,30,-80,,,
736,12.3,30,-80,,,
736.25,12.3,30,-80,,,
736.5,12.3,30,-80,,,
736.75,12.3,30,-80,,,
737,12.3,30,-80,,,
737.25,12.3,30,-80,,,
737.5,12.3,30,-80,,,
737.75,12.3,30,-80,,,
738,12.3,30,-80,,,
738.25,12.3,30,-80,,,
738.5,12.3,30,-80,,,
738.75,12.3,30,-80,,,
739,12.3,30,-80,,,
739.25,12.3,30,-80,,,
739.5,12.3,30,-80,,,
739.75,12.3,30,-80,,,
740,12.3,30,-80,,,
740.25,12.3,30,-80,,,
740.5,12.3,30,-80,,,
740.75,12.3,30,-80,,,
741,12.4,30,-80,,,
741.25,12.4,30,-80,,,
741.5,12.4,30,-80,,,
741.75,12.4,30,-80,,,
742,12.4,30,-80,,,
742.25,12.4,30,-80,,,
742.5,12.4,30,-80,,,
742.75,12.4,30,-80,,,
743,12.4,30,-80,,,
743.25,12.4,30,-80,,,
743.5,12.4,30,-80,,,
743.75,12.4,30,-80,,,
744,12.4,30,-80,,,
744.25,12.4,30,-80,,,
744.5,12.4,30,-80,,,
744.75,12.4,30,-80,,,
745,12.4,30,-80,,,
745.25,12.4,30,-80,,,
745.5,12.4,30,-80,,,
745.75,12.4,30,-80,,,
746,12.4,30,-80,,,
746.25,12.4,30,-80,,,
746.5,12.4,30,-80,,,
746.75,12.4,30,-80,,,
747,12.5,30,-80,,,
747.25,12.5,30,-80,,,
747.5,12.5,30,-80,,,
747.75,12.5,30,-80,,,
748,12.5,30,-80,,,
748.25,12.5,30,-80,,,
748.5,12.5,30,-80,,,
748.75,12.5,30,-80,,,
749,12.5,30,-80,,,
749.25,12.5,30,-80,,,
749.5,12.5,30,-80,,,
749.75,12.5,30,-80,,,
750,12.5,30,-80,,,
750.25,12.5,30,-80,,,
750.5,12.5,30,-80,,,
750.75,12.5,30,-80,,,
751,12.5,30,-80,,,
751.25,12.5,30,-80,,,
751.5,12.5,30,-80,,,
751.75,12.5,30,-80,,,
752,12.5,30,-80,,,
752.25,12.5,30,-80,,,
752.5,12.5,30,-80,,,
752.75,12.5,30,-80,,,
753,12.6,30,-80,,,
753.25,12.6,30,-80,,,
753.5,12.6,30,-80,,,
753.75,12.6,30,-80,,,
754,12.6,30,-80,,,
754.25,12.6,30,-80,,,
754.5,12.6,30,-80,,,
754.75,12.6,30,-80,,,
755,12.6,30,-80,,,
755.25,12.6,30,-80,,,
755.5,12.6,30,-80,,,
755.75,12.6,30,-80,,,
756,12.6,30,-80,,,
756.25,12.6,30,-80,,,
756.5,12.6,30,-80,,,
756.75,12.6,30,-80,,,
757,12.6,30,-80,,,
757.25,12.6,30,-80,,,
757.5,12.6,30,-80,,,
757.75,12.6,30,-80,,,
758,12.6,30,-80,,,
758.25,12.6,30,-80,,,
758.5,12.6,30,-80,,,
758.75,12.6,30,-80,,,
759,12.7,30,-80,,,
759.25,12.7,30,-80,,,
759.5,12.7,30,-80,,,
759.75,12.7,30,-80,,,
760,12.7,30,-80,,,
760.25,12.7,30,-80,,,
760.5,12.7,30,-80,,,
760.75,12.7,30,-80,,,
761,12.7,30,-80,,,
761.25,12.7,30,-80,,,
761.5,12.7,30,-80,,,
761.75,12.7,30,-80,,,
762,12.7,30,-80,,,
762.25,12.7,30,-80,,,
762.5,12.7,30,-80,,,
762.75,12.7,30,-80,,,
763,12.7,30,-80,,,
763.25,12.7,30,-80,,,
763.5,12.7,30,-80,,,
763.75,12.7,30,-80,,,
764,12.7,30,-80,,,
764.25,12.7,30,-80,,,
764.5,12.7,30,-80,,,
764.75,12.7,30,-80,,,
765,12.8,30,-80,,,
765.25,12.8,30,-80,,,
765.5,12.8,30,-80,,,
765.75,12.8,30,-80,,,
766,12.8,30,-80,,,
766.25,12.8,30,-80,,,
766.5,12.8,30,-80,,,
766.75,12.8,30,-80,,,
767,12.8,30,-80,,,
767.25,12.8,30,-80,,,
767.5,12.8,30,-80,,,
767.75,12.8,30,-80,,,
768,12.8,30,-80,,,
768.25,12.8,30,-80,,,
768.5,12.8,30,-80,,,
768.75,12.8,30,-80,,,
769,12.8,30,-80,,,
769.25,12.8,30,-80,,,
769.5,12.8,30,-80,,,
769.75,12.8,30,-80,,,
770,12.8,30,-80,,,
770.25,12.8,30,-80,,,
770.5,12.8,30,-80,,,
770.75,12.8,30,-80,,,
771,12.9,30,-80,,,
771.25,12.9,30,-80,,,
771.5,12.9,30,-80,,,
771.75,12.9,30,-80,,,
772,12.9,30,-80,,,
772.25,12.9,30,-80,,,
772.5,12.9,30,-80,,,
772.75,12.9,30,-80,,,
773,12.9,30,-80,,,
773.25,12.9,30,-80,,,
773.5,12.9,30,-80,,,
773.75,12.9,30,-80,,,
774,12.9,30,-80,,,
774.25,12.9,30,-80,,,
774.5,12.9,30,-80,,,
774.75,12.9,30,-80,,,
775,12.9,30,-80,,,
775.25,12.9,30,-80,,,
775.5,12.9,30,-80,,,
775.75,12.9,30,-80,,,
776,12.9,30,-80,,,
776.25,12.9,30,-80,,,
776.5,12.9,30,-80,,,
776.75,12.9,30,-80,,,
777,13.0,30,-80,,,
777.25,13.0,30,-80,,,
777.5,13.0,30,-80,,,
777.75,13.0,30,-80,,,
778,13.0,30,-80,,,
778.25,13.0,30,-80,,,
778.5,13.0,30,-80,,,
778.75,13.0,30,-80,,,
779,13.0,30,-80,,,
779.25,13.0,30,-80,,,
779.5,13.0,30,-80,,,
779.75,13.0,30,-80,,,
780,13.0,30,-80,,,
780.25,13.0,30,-80,,,
780.5,13.0,30,-80,,,
780.75,13.0,30,-80,,,
781,13.0,30,-80,,,
781.25,13.0,30,-80,,,
781.5,13.0,30,-80,,,
781.75,13.0,30,-80,,,
782,13.0,30,-80,,,
782.25,13.0,30,-80,,,
782.5,13.0,30,-80,,,
782.75,13.0,30,-80,,,
783,13.1,30,-80,,,
783.25,13.1,30,-80,,,
783.5,13.1,30,-80,,,
783.75,13.1,30,-80,,,
784,13.1,30,-80,,,
784.25,13.1,30,-80,,,
784.5,13.1,30,-80,,,
784.75,13.1,30,-80,,,
785,13.1,30,-80,,,
785.25,13.1,30,-80,,,
785.5,13.1,30,-80,,,
785.75,13.1,30,-80,,,
786,13.1,30,-80,,,
786.25,13.1,30,-80,,,
786.5,13.1,30,-80,,,
786.75,13.1,30,-80,,,
787,13.1,30,-80,,,
787.25,13.1,30,-80,,,
787.5,13.1,30,-80,,,
787.75,13.1,30,-80,,,
788,13.1,30,-80,,,
788.25,13.1,30,-80,,,
788.5,13.1,30,-80,,,
788.75,13.1,30,-80,,,
789,13.2,30,-80,,,
789.25,13.2,30,-80,,,
789.5,13.2,30,-80,,,
789.75,13.2,30,-80,,,
790,13.2,30,-80,,,
790.25,13.2,30,-80,,,
790.5,13.2,30,-80,,,
790.75,13.2,30,-80,,,
791,13.2,30,-80,,,
791.25,13.2,30,-80,,,
791.5,13.2,30,-80,,,
791.75,13.2,30,-80,,,
792,13.2,30,-80,,,
792.25,13.2,30,-80,,,
792.5,13.2,30,-80,,,
792.75,13.2,30,-80,,,
793,13.2,30,-80,,,
793.25,13.2,30,-80,,,
793.5,13.2,30,-80,,,
793.75,13.2,30,-80,,,
794,13.2,30,-80,,,
794.25,13.2,30,-80,,,
794.5,13.2,30,-80,,,
794.75,13.2,30,-80,,,
795,13.3,30,-80,,,
795.25,13.3,30,-80,,,
795.5,13.3,30,-80,,,
795.75,13.3,30,-80,,,
796,13.3,30,-80,,,
796.25,13.3,30,-80,,,
796.5,13.3,30,-80,,,
796.75,13.3,30,-80,,,
797,13.3,30,-80,,,
797.25,13.3,30,-80,,,
797.5,13.3,30,-80,,,
797.75,13.3,30,-80,,,
798,13.3,30,-80,,,
798.25,13.3,30,-80,,,
798.5,13.3,30,-80,,,
798.75,13.3,30,-80,,,
799,13.3,30,-80,,,
799.25,13.3,30,-80,,,
799.5,13.3,30,-80,,,
799.75,13.3,30,-80,,,
800,13.3,30,-80,,,
800.25,13.3,30,-80,,,
800.5,13.3,30,-80,,,
800.75,13.3,30,-80,,,
801,13.4,30,-80,,,
801.25,13.4,30,-80,,,
801.5,13.4,30,-80,,,
801.75,13.4,30,-80,,,
802,13.4,30,-80,,,
802.25,13.4,30,-80,,,
802.5,13.4,30,-80,,,
802.75,13.4,30,-80,,,
803,13.4,30,-80,,,
803.25,13.4,30,-80,,,
803.5,13.4,30,-80,,,
803.75,13.4,30,-80,,,
804,13.4,30,-80,,,
804.25,13.4,30,-80,,,
804.5,13.4,30,-80,,,
804.75,13.4,30,-80,,,
805,13.4,30,-80,,,
805.25,13.4,30,-80,,,
805.5,13.4,30,-80,,,
805.75,13.4,30,-80,,,
806,13.4,30,-80,,,
806.25,13.4,30,-80,,,
806.5,13.4,30,-80,,,
806.75,13.4,30,-80,,,
807,13.5,30,-80,,,
807.25,13.5,30,-80,,,
807.5,13.5,30,-80,,,
807.75,13.5,30,-80,,,
808,13.5,30,-80,,,
808.25,13.5,30,-80,,,
808.5,13.5,30,-80,,,
808.75,13.5,30,-80,,,
809,13.5,30,-80,,,
809.25,13.5,30,-80,,,
809.5,13.5,30,-80,,,
809.75,13.5,30,-80,,,
810,13.5,30,-80,,,
810.25,13.5,30,-80,,,
810.5,13.5,30,-80,,,
810.75,13.5,30,-80,,,
811,13.5,30,-80,,,
811.25,13.5,30,-80,,,
811.5,13.5,30,-80,,,
811.75,13.5,30,-80,,,
812,13.5,30,-80,,,
812.25,13.5,30,-80,,,
812.5,13.5,30,-80,,,
812.75,13.5,30,-80,,,
813,13.6,30,-80,,,
813.25,13.6,30,-80,,,
813.5,13.6,30,-80,,,
813.75,13.6,30,-80,,,
814,13.6,30,-80,,,
814.25,13.6,30,-80,,,
814.5,13.6,30,-80,,,
814.75,13.6,30,-80,,,
815,13.6,30,-80,,,
815.25,13.6,30,-80,,,
815.5,13.6,30,-80,,,
815.75,13.6,30,-80,,,
816,13.6,30,-80,,,
816.25,13.6,30,-80,,,
816.5,13.6,30,-80,,,
816.75,13.6,30,-80,,,
817,13.6,30,-80,,,
817.25,13.6,30,-80,,,
817.5,13.6,30,-80,,,
817.75,13.6,30,-80,,,
818,13.6,30,-80,,,
818.25,13.6,30,-80,,,
818.5,13.6,30,-80,,,
818.75,13.6,30,-80,,,
819,13.7,30,-80,,,
819.25,13.7,30,-80,,,
819.5,13.7,30,-80,,,
819.75,13.7,30,-80,,,
820,13.7,30,-80,,,
820.25,13.7,30,-80,,,
820.5,13.7,30,-80,,,
820.75,13.7,30,-80,,,
821,13.7,30,-80,,,
821.25,13.7,30,-80,,,
821.5,13.7,30,-80,,,
821.75,13.7,30,-80,,,
822,13.7,30,-80,,,
822.25,13.7,30,-80,,,
822.5,13.7,30,-80,,,
822.75,13.7,30,-80,,,
823,13.7,30,-80,,,
823.25,13.7,30,-80,,,
823.5,13.7,30,-80,,,
823.75,13.7,30,-80,,,
824,13.7,30,-80,,,
824.25,13.7,30,-80,,,
824.5,13.7,30,-80,,,
824.75,13.7,30,-80,,,
825,13.8,30,-80,,,
825.25,13.8,30,-80,,,
825.5,13.8,30,-80,,,
825.75,13.8,30,-80,,,
826,13.8,30,-80,,,
826.25,13.8,30,-80,,,
826.5,13.8,30,-80,,,
826.75,13.8,30,-80,,,
827,13.8,30,-80,,,
827.25,13.8,30,-80,,,
827.5,13.8,30,-80,,,
827.75,13.8,30,-80,,,
828,13.8,30,-80,,,
828.25,13.8,30,-80,,,
828.5,13.8,30,-80,,,
828.75,13.8,30,-80,,,
829,13.8,30,-80,,,
829.25,13.8,30,-80,,,
829.5,13.8,30,-80,,,
829.75,13.8,30,-80,,,
830,13.8,30,-80,,,
830.25,13.8,30,-80,,,
830.5,13.8,30,-80,,,
830.75,13.8,30,-80,,,
831,13.9,30,-80,,,
831.25,13.9,30,-80,,,
831.5,13.9,30,-80,,,
831.75,13.9,30,-80,,,
832,13.9,30,-80,,,
832.25,13.9,30,-80,,,
832.5,13.9,30,-80,,,
832.75,13.9,30,-80,,,
833,13.9,30,-80,,,
833.25,13.9,30,-80,,,
833.5,13.9,30,-80,,,
833.75,13.9,30,-80,,,
834,13.9,30,-80,,,
834.25,13.9,30,-80,,,
834.5,13.9,30,-80,,,
834.75,13.9,30,-80,,,
835,13.9,30,-80,,,
835.25,13.9,30,-80,,,
835.5,13.9,30,-80,,,
835.75,13.9,30,-80,,,
836,13.9,30,-80,,,
836.25,13.9,30,-80,,,
836.5,13.9,30,-80,,,
836.75,13.9,30,-80,,,
837,14.0,30,-80,,,
837.25,14.0,30,-80,,,
837.5,14.0,30,-80,,,
837.75,14.0,30,-80,,,
838,14.0,30,-80,,,
838.25,14.0,30,-80,,,
838.5,14.0,30,-80,,,
838.75,14.0,30,-80,,,
839,14.0,30,-80,,,
839.25,14.0,30,-80,,,
839.5,14.0,30,-80,,,
839.75,14.0,30,-80,,,
840,14.0,30,-80,,,
840.25,14.0,30,-80,,,
840.5,14.0,30,-80,,,
840.75,14.0,30,-80,,,
841,14.0,30,-80,,,
841.25,14.0,30,-80,,,
841.5,14.0,30,-80,,,
841.75,14.0,30,-80,,,
842,14.0,30,-80,,,
842.25,14.0,30,-80,,,
842.5,14.0,30,-80,,,
842.75,14.0,30,-80,,,
843,14.1,30,-80,,,
843.25,14.1,30,-80,,,
843.5,14.1,30,-80,,,
843.75,14.1,30,-80,,,
844,14.1,30,-80,,,
844.25,14.1,30,-80,,,
844.5,14.1,30,-80,,,
844.75,14.1,30,-80,,,
845,14.1,30,-80,,,
845.25,14.1,30,-80,,,
845.5,14.1,30,-80,,,
845.75,14.1,30,-80,,,
846,14.1,30,-80,,,
846.25,14.1,30,-80,,,
846.5,14.1,30,-80,,,
846.75,14.1,30,-80,,,
847,14.1,30,-80,,,
847.25,14.1,30,-80,,,
847.5,14.1,30,-80,,,
847.75,14.1,30,-80,,,
848,14.1,30,-80,,,
848.25,14.1,30,-80,,,
848.5,14.1,30,-80,,,
848.75,14.1,30,-80,,,
849,14.2,30,-80,,,
849.25,14.2,30,-80,,,
849.5,14.2,30,-80,,,
849.75,14.2,30,-80,,,
850,14.2,30,-80,,,
850.25,14.2,30,-80,,,
850.5,14.2,30,-80,,,
850.75,14.2,30,-80,,,
851,14.2,30,-80,,,
851.25,14.2,30,-80,,,
851.5,14.2,30,-80,,,
851.75,14.2,30,-80,,,
852,14.2,30,-80,,,
852.25,14.2,30,-80,,,
852.5,14.2,30,-80,,,
852.75,14.2,30,-80,,,
853,14.2,30,-80,,,
853.25,14.2,30,-80,,,
853.5,14.2,30,-80,,,
853.75,14.2,30,-80,,,
854,14.2,30,-80,,,
854.25,14.2,30,-80,,,
854.5,14.2,30,-80,,,
854.75,14.2,30,-80,,,
855,14.3,30,-80,,,
855.25,14.3,30,-80,,,
855.5,14.3,30,-80,,,
855.75,14.3,30,-80,,,
856,14.3,30,-80,,,
856.25,14.3,30,-80,,,
856.5,14.3,30,-80,,,
856.75,14.3,30,-80,,,
857,14.3,30,-80,,,
857.25,14.3,30,-80,,,
857.5,14.3,30,-80,,,
857.75,14.3,30,-80,,,
858,14.3,30,-80,,,
858.25,14.3,30,-80,,,
858.5,14.3,30,-80,,,
858.75,14.3,30,-80,,,
859,14.3,30,-80,,,
859.25,14.3,30,-80,,,
859.5,14.3,30,-80,,,
859.75,14.3,30,-80,,,
860,14.3,30,-80,,,
860.25,14.3,30,-80,,,
860.5,14.3,30,-80,,,
860.75,14.3,30,-80,,,
861,14.4,30,-80,,,
861.25,14.4,30,-80,,,
861.5,14.4,30,-80,,,
861.75,14.4,30,-80,,,
862,14.4,30,-80,,,
862.25,14.4,30,-80,,,
862.5,14.4,30,-80,,,
862.75,14.4,30,-80,,,
863,14.4,30,-80,,,
863.25,14.4,30,-80,,,
863.5,14.4,30,-80,,,
863.75,14.4,30,-80,,,
864,14.4,30,-80,,,
864.25,14.4,30,-80,,,
864.5,14.4,30,-80,,,
864.75,14.4,30,-80,,,
865,14.4,30,-80,,,
865.25,14.4,30,-80,,,
865.5,14.4,30,-80,,,
865.75,14.4,30,-80,,,
866,14.4,30,-80,,,
866.25,14.4,30,-80,,,
866.5,14.4,30,-80,,,
866.75,14.4,30,-80,,,
867,14.5,30,-80,,,
867.25,14.5,30,-80,,,
867.5,14.5,30,-80,,,
867.75,14.5,30,-80,,,
868,14.5,30,-80,,,
868.25,14.5,30,-80,,,
868.5,14.5,30,-80,,,
868.75,14.5,30,-80,,,
869,14.5,30,-80,,,
869.25,14.5,30,-80,,,
869.5,14.5,30,-80,,,
869.75,14.5,30,-80,,,
870,14.5,30,-80,,,
870.25,14.5,30,-80,,,
870.5,14.5,30,-80,,,
870.75,14.5,30,-80,,,
871,14.5,30,-80,,,
871.25,14.5,30,-80,,,
871.5,14.5,30,-80,,,
871.75,14.5,30,-80,,,
872,14.5,30,-80,,,
872.25,14.5,30,-80,,,
872.5,14.5,30,-80,,,
872.75,14.5,30,-80,,,
873,14.6,30,-80,,,
873.25,14.6,30,-80,,,
873.5,14.6,30,-80,,,
873.75,14.6,30,-80,,,
874,14.6,30,-80,,,
874.25,14.6,30,-80,,,
874.5,14.6,30,-80,,,
874.75,14.6,30,-80,,,
875,14.6,30,-80,,,
875.25,14.6,30,-80,,,
875.5,14.6,30,-80,,,
875.75,14.6,30,-80,,,
876,14.6,30,-80,,,
876.25,14.6,30,-80,,,
876.5,14.6,30,-80,,,
876.75,14.6,30,-80,,,
877,14.6,30,-80,,,
877.25,14.6,30,-80,,,
877.5,14.6,30,-80,,,
877.75,14.6,30,-80,,,
878,14.6,30,-80,,,
878.25,14.6,30,-80,,,
878.5,14.6,30,-80,,,
878.75,14.6,30,-80,,,
879,14.7,30,-80,,,
879.25,14.7,30,-80,,,
879.5,14.7,30,-80,,,
879.75,14.7,30,-80,,,
880,14.7,30,-80,,,
880.25,14.7,30,-80,,,
880.5,14.7,30,-80,,,
880.75,14.7,30,-80,,,
881,14.7,30,-80,,,
881.25,14.7,30,-80,,,
881.5,14.7,30,-80,,,
881.75,14.7,30,-80,,,
882,14.7,30,-80,,,
882.25,14.7,30,-80,,,
882.5,14.7,30,-80,,,
882.75,14.7,30,-80,,,
883,14.7,30,-80,,,
883.25,14.7,30,-80,,,
883.5,14.7,30,-80,,,
883.75,14.7,30,-80,,,
884,14.7,30,-80,,,
884.25,14.7,30,-80,,,
884.5,14.7,30,-80,,,
884.75,14.7,30,-80,,,
885,14.8,30,-80,,,
885.25,14.8,30,-80,,,
885.5,14.8,30,-80,,,
885.75,14.8,30,-80,,,
886,14.8,30,-80,,,
886.25,14.8,30,-80,,,
886.5,14.8,30,-80,,,
886.75,14.8,30,-80,,,
887,14.8,30,-80,,,
887.25,14.8,30,-80,,,
887.5,14.8,30,-80,,,
887.75,14.8,30,-80,,,
888,14.8,30,-80,,,
888.25,14.8,30,-80,,,
888.5,14.8,30,-80,,,
888.75,14.8,30,-80,,,
889,14.8,30,-80,,,
889.25,14.8,30,-80,,,
889.5,14.8,30,-80,,,
889.75,14.8,30,-80,,,
890,14.8,30,-80,,,
890.25,14.8,30,-80,,,
890.5,14.8,30,-80,,,
890.75,14.8,30,-80,,,
891,14.9,30,-80,,,
891.25,14.9,30,-80,,,
891.5,14.9,30,-80,,,
891.75,14.9,30,-80,,,
892,14.9,30,-80,,,
892.25,14.9,30,-80,,,
892.5,14.9,30,-80,,,
892.75,14.9,30,-80,,,
893,14.9,30,-80,,,
893.25,14.9,30,-80,,,
893.5,14.9,30,-80,,,
893.75,14.9,30,-80,,,
894,14.9,30,-80,,,
894.25,14.9,30,-80,,,
894.5,14.9,30,-80,,,
894.75,14.9,30,-80,,,
895,14.9,30,-80,,,
895.25,14.9,30,-80,,,
895.5,14.9,30,-80,,,
895.75,14.9,30,-80,,,
896,14.9,30,-80,,,
896.25,14.9,30,-80,,,
896.5,14.9,30,-80,,,
896.75,14.9,30,-80,,,
897,15.0,30,-80,,,
897.25,15.0,30,-80,,,
897.5,15.0,30,-80,,,
897.75,15.0,30,-80,,,
898,15.0,30,-80,,,
898.25,15.0,30,-80,,,
898.5,15.0,30,-80,,,
898.75,15.0,30,-80,,,
899,15.0,30,-80,,,
899.25,15.0,30,-80,,,
899.5,15.0,30,-80,,,
899.75,15.0,30,-80,,,
900,15.0,30,-80,,,
900.25,15.0,30,-80,,,
900.5,15.0,30,-80,,,
900.75,15.0,30,-80,,,
901,15.0,30,-80,,,
901.25,15.0,30,-80,,,
901.5,15.0,30,-80,,,
901.75,15.0,30,-80,,,
902,15.0,30,-80,,,
902.25,15.0,30,-80,,,
902.5,15.0,30,-80,,,
902.75,15.0,30,-80,,,
903,15.1,30,-80,,,
903.25,15.1,30,-80,,,
903.5,15.1,30,-80,,,
903.75,15.1,30,-80,,,
904,15.1,30,-80,,,
904.25,15.1,30,-80,,,
904.5,15.1,30,-80,,,
904.75,15.1,30,-80,,,
905,15.1,30,-80,,,
905.25,15.1,30,-80,,,
905.5,15.1,30,-80,,,
905.75,15.1,30,-80,,,
906,15.1,30,-80,,,
906.25,15.1,30,-80,,,
906.5,15.1,30,-80,,,
906.75,15.1,30,-80,,,
907,15.1,30,-80,,,
907.25,15.1,30,-80,,,
907.5,15.1,30,-80,,,
907.75,15.1,30,-80,,,
908,15.1,30,-80,,,
908.25,15.1,30,-80,,,
908.5,15.1,30,-80,,,
908.75,15.1,30,-80,,,
909,15.2,30,-80,,,
909.25,15.2,30,-80,,,
909.5,15.2,30,-80,,,
909.75,15.2,30,-80,,,
910,15.2,30,-80,,,
910.25,15.2,30,-80,,,
910.5,15.2,30,-80,,,
910.75,15.2,30,-80,,,
911,15.2,30,-80,,,
911.25,15.2,30,-80,,,
911.5,15.2,30,-80,,,
911.75,15.2,30,-80,,,
912,15.2,30,-80,,,
912.25,15.2,30,-80,,,
912.5,15.2,30,-80,,,
912.75,15.2,30,-80,,,
913,15.2,30,-80,,,
913.25,15.2,30,-80,,,
913.5,15.2,30,-80,,,
913.75,15.2,30,-80,,,
914,15.2,30,-80,,,
914.25,15.2,30,-80,,,
914.5,15.2,30,-80,,,
914.75,15.2,30,-80,,,
915,15.3,30,-80,,,
915.25,15.3,30,-80,,,
915.5,15.3,30,-80,,,
915.75,15.3,30,-80,,,
916,15.3,30,-80,,,
916.25,15.3,30,-80,,,
916.5,15.3,30,-80,,,
916.75,15.3,30,-80,,,
917,15.3,30,-80,,,
917.25,15.3,30,-80,,,
917.5,15.3,30,-80,,,
917.75,15.3,30,-80,,,
918,15.3,30,-80,,,
918.25,15.3,30,-80,,,
918.5,15.3,30,-80,,,
918.75,15.3,30,-80,,,
919,15.3,30,-80,,,
919.25,15.3,30,-80,,,
919.5,15.3,30,-80,,,
919.75,15.3,30,-80,,,
920,15.3,30,-80,,,
920.25,15.3,30,-80,,,
920.5,15.3,30,-80,,,
920.75,15.3,30,-80,,,
921,15.4,30,-80,,,
921.25,15.4,30,-80,,,
921.5,15.4,30,-80,,,
921.75,15.4,30,-80,,,
922,15.4,30,-80,,,
922.25,15.4,30,-80,,,
922.5,15.4,30,-80,,,
922.75,15.4,30,-80,,,
923,15.4,30,-80,,,
923.25,15.4,30,-80,,,
923.5,15.4,30,-80,,,
923.75,15.4,30,-80,,,
924,15.4,30,-80,,,
924.25,15.4,30,-80,,,
924.5,15.4,30,-80,,,
924.75,15.4,30,-80,,,
925,15.4,30,-80,,,
925.25,15.4,30,-80,,,
925.5,15.4,30,-80,,,
925.75,15.4,30,-80,,,
926,15.4,30,-80,,,
926.25,15.4,30,-80,,,
926.5,15.4,30,-80,,,
926.75,15.4,30,-80,,,
927,15.5,30,-80,,,
927.25,15.5,30,-80,,,
927.5,15.5,30,-80,,,
927.75,15.5,30,-80,,,
928,15.5,30,-80,,,
928.25,15.5,30,-80,,,
928.5,15.5,30,-80,,,
928.75,15.5,30,-80,,,
929,15.5,30,-80,,,
929.25,15.5,30,-80,,,
929.5,15.5,30,-80,,,
929.75,15.5,30,-80,,,
930,15.5,30,-80,,,
930.25,15.5,30,-80,,,
930.5,15.5,30,-80,,,
930.75,15.5,30,-80,,,
931,15.5,30,-80,,,
931.25,15.5,30,-80,,,
931.5,15.5,30,-80,,,
931.75,15.5,30,-80,,,
932,15.5,30,-80,,,
932.25,15.5,30,-80,,,
932.5,15.5,30,-80,,,
932.75,15.5,30,-80,,,
933,15.6,30,-80,,,
933.25,15.6,30,-80,,,
933.5,15.6,30,-80,,,
933.75,15.6,30,-80,,,
934,15.6,30,-80,,,
934.25,15.6,30,-80,,,
934.5,15.6,30,-80,,,
934.75,15.6,30,-80,,,
935,15.6,30,-80,,,
935.25,15.6,30,-80,,,
935.5,15.6,30,-80,,,
935.75,15.6,30,-80,,,
936,15.6,30,-80,,,
936.25,15.6,30,-80,,,
936.5,15.6,30,-80,,,
936.75,15.6,30,-80,,,
937,15.6,30,-80,,,
937.25,15.6,30,-80,,,
937.5,15.6,30,-80,,,
937.75,15.6,30,-80,,,
938,15.6,30,-80,,,
938.25,15.6,30,-80,,,
938.5,15.6,30,-80,,,
938.75,15.6,30,-80,,,
939,15.7,30,-80,,,
939.25,15.7,30,-80,,,
939.5,15.7,30,-80,,,
939.75,15.7,30,-80,,,
940,15.7,30,-80,,,
940.25,15.7,30,-80,,,
940.5,15.7,30,-80,,,
940.75,15.7,30,-80,,,
941,15.7,30,-80,,,
941.25,15.7,30,-80,,,
941.5,15.7,30,-80,,,
941.75,15.7,30,-80,,,
942,15.7,30,-80,,,
942.25,15.7,30,-80,,,
942.5,15.7,30,-80,,,
942.75,15.7,30,-80,,,
943,15.7,30,-80,,,
943.25,15.7,30,-80,,,
943.5,15.7,30,-80,,,
943.75,15.7,30,-80,,,
944,15.7,30,-80,,,
944.25,15.7,30,-80,,,
944.5,15.7,30,-80,,,
944.75,15.7,30,-80,,,
945,15.8,30,-80,,,
945.25,15.8,30,-80,,,
945.5,15.8,30,-80,,,
945.75,15.8,30,-80,,,
946,15.8,30,-80,,,
946.25,15.8,30,-80,,,
946.5,15.8,30,-80,,,
946.75,15.8,30,-80,,,
947,15.8,30,-80,,,
947.25,15.8,30,-80,,,
947.5,15.8,30,-80,,,
947.75,15.8,30,-80,,,
948,15.8,30,-80,,,
948.25,15.8,30,-80,,,
948.5,15.8,30,-80,,,
948.75,15.8,30,-80,,,
949,15.8,30,-80,,,
949.25,15.8,30,-80,,,
949.5,15.8,30,-80,,,
949.75,15.8,30,-80,,,
950,15.8,30,-80,,,
950.25,15.8,30,-80,,,
950.5,15.8,30,-80,,,
950.75,15.8,30,-80,,,
951,15.9,30,-80,,,
951.25,15.9,30,-80,,,
951.5,15.9,30,-80,,,
951.75,15.9,30,-80,,,
952,15.9,30,-80,,,
952.25,15.9,30,-80,,,
952.5,15.9,30,-80,,,
952.75,15.9,30,-80,,,
953,15.9,30,-80,,,
953.25,15.9,30,-80,,,
953.5,15.9,30,-80,,,
953.75,15.9,30,-80,,,
954,15.9,30,-80,,,
954.25,15.9,30,-80,,,
954.5,15.9,30,-80,,,
954.75,15.9,30,-80,,,
955,15.9,30,-80,,,
955.25,15.9,30,-80,,,
955.5,15.9,30,-80,,,
955.75,15.9,30,-80,,,
956,15.9,30,-80,,,
956.25,15.9,30,-80,,,
956.5,15.9,30,-80,,,
956.75,15.9,30,-80,,,
957,16.0,30,-80,,,
957.25,16.0,30,-80,,,
957.5,16.0,30,-80,,,
957.75,16.0,30,-80,,,
958,16.0,30,-80,,,
958.25,16.0,30,-80,,,
958.5,16.0,30,-80,,,
958.75,16.0,30,-80,,,
959,16.0,30,-80,,,
959.25,16.0,30,-80,,,
959.5,16.0,30,-80,,,
959.75,16.0,30,-80,,,
960,16.0,30,-80,,,
,,,,,,
,,,,,,
,,,,,,
,,,,,,
,,,,,,
,,,,,,
,,,,,,
,,,,,,
,,,,,,
,,,,,,
,,,,,,
,,,,,,
,,,,,,
,,,,,,
,,,,,,
,,,,,,
,,,,,,
,,,,,,
,,,,,,
,,,,,,
,,,,,,
,,,,,,
,,,,,,
,,,,,,
,,,,,,
,,,,,,
,,,,,,
,,,,,,
,,,,,,
,,,,,,
,,,,,,
,,,,,,
,,,,,,
,,,,,,
,,,,,,
,,,,,,
,,,,,,
,,,,,,
,,,,,,
,,,,,,
,,,,,,
,,,,,,
,,,,,,
,,,,,,
,,,,,,
,,,,,,
,,,,,,
,,,,,,
,,,,,,
,,,,,,
,,,,,,
,,,,,,
,,,,,,
,,,,,,
,,,,,,
,,,,,,
,,,,,,
,,,,,,
,,,,,,
,,,,,,
,,,,,,
,,,,,,
,,,,,,
,,,,,,
,,,,,,
,,,,,,
,,,,,,
,,,,,,
,,,,,,
,,,,,,
,,,,,,
,,,,,,
,,,,,,
,,,,,,
,,,,,,
,,,,,,
,,,,,,
,,,,,,
,,,,,,
,,,,,,
,,,,,,
,,,,,,
,,,,,,
,,,,,,
,,,,,,
,,,,,,
,,,,,,
,,,,,,
,,,,,,
,,,,,,
,,,,,,
,,,,,,
,,,,,,
,,,,,,
,,,,,,
,,,,,,
,,,,,,
,,,,,,
,,,,,,
,,,,,,
,,,,,,
,,,,,,
,,,,,,
,,,,,,
,,,,,,
,,,,,,
,,,,,,
,,,,,,
,,,,,,
,,,,,,
,,,,,,
,,,,,,
,,,,,,
,,,,,,
,,,,,,
,,,,,,
,,,,,,
,,,,,,
,,,,,,
,,,,,,
,,,,,,
,,,,,,
,,,,,,
,,,,,,
,,,,,,
,,,,,,
,,,,,,
,,,,,,
,,,,,,
,,,,,,
,,,,,,
,,,,,,
,,,,,,
,,,,,,
,,,,,,
,,,,,,
,,,,,,
,,,,,,
,,,,,,
,,,,,,
,,,,,,
,,,,,,
,,,,,,
,,,,,,
,,,,,,
,,,,,,
,,,,,,
,,,,,,
,,,,,,
,,,,,,
,,,,,,
,,,,,,
,,,,,,
,,,,,,
,,,,,,
