Time(s),Time(m),Wind Speed (knots @h.anem),Wind Direction (Relative to vessel long. axis@h.anem)
0,0.0,30.43,330
0.25,0.0,30.43,330
0.5,0.0,30.43,330
0.75,0.0,30.43,330
1,0.0,30.43,330
1.25,0.0,29.33,330
1.5,0.0,29.33,330
1.75,0.0,30.43,330
2,0.0,30.43,330
2.25,0.0,31.35,330
2.5,0.0,31.35,330
2.75,0.0,30.43,330
3,0.1,30.43,330
3.25,0.1,32.28,330
3.5,0.1,32.28,330
3.75,0.1,33.2,330
4,0.1,33.2,330
4.25,0.1,34.12,330
4.5,0.1,34.12,330
4.75,0.1,33.2,330
5,0.1,33.2,330
5.25,0.1,33.2,330
5.5,0.1,33.2,330
5.75,0.1,31.35,330
6,0.1,31.35,330
6.25,0.1,31.35,330
6.5,0.1,31.35,330
6.75,0.1,33.2,330
7,0.1,33.2,330
7.25,0.1,32.28,330
7.5,0.1,32.28,330
7.75,0.1,33.2,330
8,0.1,33.2,330
8.25,0.1,34.12,330
8.5,0.1,34.12,330
8.75,0.1,32.28,330
9,0.2,32.28,330
9.25,0.2,33.2,330
9.5,0.2,33.2,330
9.75,0.2,33.2,330
10,0.2,33.2,330
10.25,0.2,32.28,330
10.5,0.2,32.28,330
10.75,0.2,32.28,330
11,0.2,32.28,330
11.25,0.2,33.2,330
11.5,0.2,33.2,330
11.75,0.2,32.28,330
12,0.2,32.28,330
12.25,0.2,32.28,330
12.5,0.2,32.28,330
12.75,0.2,33.2,330
13,0.2,33.2,330
13.25,0.2,32.28,330
13.5,0.2,32.28,330
13.75,0.2,32.28,330
14,0.2,32.28,330
14.25,0.2,32.28,330
14.5,0.2,32.28,330
14.75,0.2,31.35,330
15,0.3,31.35,330
15.25,0.3,30.43,330
15.5,0.3,30.43,330
15.75,0.3,29.33,330
16,0.3,29.33,330
16.25,0.3,31.35,330
16.5,0.3,31.35,330
16.75,0.3,31.35,330
17,0.3,31.35,330
17.25,0.3,31.35,330
17.5,0.3,31.35,330
17.75,0.3,31.35,330
18,0.3,31.35,330
18.25,0.3,30.43,330
18.5,0.3,30.43,330
18.75,0.3,29.33,330
19,0.3,29.33,330
19.25,0.3,29.33,330
19.5,0.3,29.33,330
19.75,0.3,29.33,330
20,0.3,29.33,330
20.25,0.3,29.33,330
20.5,0.3,29.33,330
20.75,0.3,30.43,330
21,0.4,30.43,330
21.25,0.4,30.43,330
21.5,0.4,30.43,330
21.75,0.4,30.43,330
22,0.4,30.43,330
22.25,0.4,31.35,330
22.5,0.4,31.35,330
22.75,0.4,31.35,330
23,0.4,31.35,330
23.25,0.4,30.43,330
23.5,0.4,30.43,330
23.75,0.4,29.33,330
24,0.4,29.33,330
24.25,0.4,29.33,330
24.5,0.4,29.33,330
24.75,0.4,30.43,330
25,0.4,30.43,330
25.25,0.4,32.28,330
25.5,0.4,32.28,330
25.75,0.4,32.28,330
26,0.4,32.28,330
26.25,0.4,31.35,330
26.5,0.4,31.35,330
26.75,0.4,31.35,330
27,0.5,31.35,330
27.25,0.5,31.35,330
27.5,0.5,31.35,330
27.75,0.5,29.33,330
28,0.5,29.33,330
28.25,0.5,29.33,330
28.5,0.5,29.33,330
28.75,0.5,29.33,330
29,0.5,29.33,330
29.25,0.5,29.33,330
29.5,0.5,29.33,330
29.75,0.5,29.33,330
30,0.5,29.33,330
30.25,0.5,29.33,330
30.5,0.5,29.33,330
30.75,0.5,30.43,330
31,0.5,30.43,330
31.25,0.5,31.35,330
31.5,0.5,31.35,330
31.75,0.5,31.35,330
32,0.5,31.35,330
32.25,0.5,32.28,330
32.5,0.5,32.28,330
32.75,0.5,31.35,330
33,0.6,31.35,330
33.25,0.6,32.28,330
33.5,0.6,32.28,330
33.75,0.6,30.43,330
34,0.6,30.43,330
34.25,0.6,31.35,330
34.5,0.6,31.35,330
34.75,0.6,31.35,330
35,0.6,31.35,330
35.25,0.6,32.28,330
35.5,0.6,32.28,330
35.75,0.6,31.35,330
36,0.6,31.35,330
36.25,0.6,31.35,330
36.5,0.6,31.35,330
36.75,0.6,33.2,330
37,0.6,33.2,330
37.25,0.6,33.2,330
37.5,0.6,33.2,330
37.75,0.6,32.28,330
38,0.6,32.28,330
38.25,0.6,32.28,330
38.5,0.6,32.28,330
38.75,0.6,32.28,330
39,0.7,32.28,330
39.25,0.7,31.35,330
39.5,0.7,31.35,330
39.75,0.7,32.28,330
40,0.7,32.28,330
40.25,0.7,31.35,330
40.5,0.7,31.35,330
40.75,0.7,32.28,330
41,0.7,32.28,330
41.25,0.7,31.35,330
41.5,0.7,31.35,330
41.75,0.7,31.35,330
42,0.7,31.35,330
42.25,0.7,30.43,330
42.5,0.7,30.43,330
42.75,0.7,30.43,330
43,0.7,30.43,330
43.25,0.7,30.43,330
43.5,0.7,30.43,330
43.75,0.7,31.35,330
44,0.7,31.35,330
44.25,0.7,31.35,330
44.5,0.7,31.35,330
44.75,0.7,33.2,330
45,0.8,33.2,330
45.25,0.8,32.28,330
45.5,0.8,32.28,330
45.75,0.8,32.28,330
46,0.8,32.28,330
46.25,0.8,32.28,330
46.5,0.8,32.28,330
46.75,0.8,31.35,330
47,0.8,31.35,330
47.25,0.8,30.43,330
47.5,0.8,30.43,330
47.75,0.8,29.33,330
48,0.8,29.33,330
48.25,0.8,29.33,330
48.5,0.8,29.33,330
48.75,0.8,28.4,330
49,0.8,28.4,330
49.25,0.8,29.33,330
49.5,0.8,29.33,330
49.75,0.8,29.33,330
50,0.8,29.33,330
50.25,0.8,29.33,330
50.5,0.8,29.33,330
50.75,0.8,31.35,330
51,0.9,31.35,330
51.25,0.9,31.35,330
51.5,0.9,31.35,330
51.75,0.9,30.43,330
52,0.9,30.43,330
52.25,0.9,30.43,330
52.5,0.9,30.43,330
52.75,0.9,31.35,330
53,0.9,31.35,330
53.25,0.9,30.43,330
53.5,0.9,30.43,330
53.75,0.9,31.35,330
54,0.9,31.35,330
54.25,0.9,30.43,330
54.5,0.9,30.43,330
54.75,0.9,30.43,330
55,0.9,30.43,330
55.25,0.9,32.28,330
55.5,0.9,32.28,330
55.75,0.9,31.35,330
56,0.9,31.35,330
56.25,0.9,32.28,330
56.5,0.9,32.28,330
56.75,0.9,31.35,330
57,1.0,31.35,330
57.25,1.0,31.35,330
57.5,1.0,31.35,330
57.75,1.0,30.43,330
58,1.0,30.43,330
58.25,1.0,31.35,330
58.5,1.0,31.35,330
58.75,1.0,31.35,330
59,1.0,31.35,330
59.25,1.0,31.35,330
59.5,1.0,31.35,330
59.75,1.0,30.43,330
60,1.0,30.43,330
60.25,1.0,30.43,330
60.5,1.0,30.43,330
60.75,1.0,31.35,330
61,1.0,31.35,330
61.25,1.0,32.28,330
61.5,1.0,32.28,330
61.75,1.0,31.35,330
62,1.0,31.35,330
62.25,1.0,32.28,330
62.5,1.0,32.28,330
62.75,1.0,32.28,330
63,1.1,32.28,330
63.25,1.1,31.35,330
63.5,1.1,31.35,330
63.75,1.1,30.43,330
64,1.1,30.43,330
64.25,1.1,31.35,330
64.5,1.1,31.35,330
64.75,1.1,30.43,330
65,1.1,30.43,330
65.25,1.1,31.35,330
65.5,1.1,31.35,330
65.75,1.1,30.43,330
66,1.1,30.43,330
66.25,1.1,29.33,330
66.5,1.1,29.33,330
66.75,1.1,29.33,330
67,1.1,29.33,330
67.25,1.1,28.4,330
67.5,1.1,28.4,330
67.75,1.1,27.48,330
68,1.1,27.48,330
68.25,1.1,28.4,330
68.5,1.1,28.4,330
68.75,1.1,29.33,330
69,1.2,29.33,330
69.25,1.2,29.33,330
69.5,1.2,29.33,330
69.75,1.2,28.4,330
70,1.2,28.4,330
70.25,1.2,28.4,330
70.5,1.2,28.4,330
70.75,1.2,28.4,330
71,1.2,28.4,330
71.25,1.2,28.4,330
71.5,1.2,28.4,330
71.75,1.2,29.33,330
72,1.2,29.33,330
72.25,1.2,27.48,330
72.5,1.2,27.48,330
72.75,1.2,28.4,330
73,1.2,28.4,330
73.25,1.2,28.4,330
73.5,1.2,28.4,330
73.75,1.2,29.33,330
74,1.2,29.33,330
74.25,1.2,28.4,330
74.5,1.2,28.4,330
74.75,1.2,28.4,330
75,1.3,28.4,330
75.25,1.3,29.33,330
75.5,1.3,29.33,330
75.75,1.3,29.33,330
76,1.3,29.33,330
76.25,1.3,29.33,330
76.5,1.3,29.33,330
76.75,1.3,28.4,330
77,1.3,28.4,330
77.25,1.3,28.4,330
77.5,1.3,28.4,330
77.75,1.3,28.4,330
78,1.3,28.4,330
78.25,1.3,29.33,330
78.5,1.3,29.33,330
78.75,1.3,29.33,330
79,1.3,29.33,330
79.25,1.3,29.33,330
79.5,1.3,29.33,330
79.75,1.3,29.33,330
80,1.3,29.33,330
80.25,1.3,29.33,330
80.5,1.3,29.33,330
80.75,1.3,29.33,330
81,1.4,29.33,330
81.25,1.4,29.33,330
81.5,1.4,29.33,330
81.75,1.4,29.33,330
82,1.4,29.33,330
82.25,1.4,28.4,330
82.5,1.4,28.4,330
82.75,1.4,28.4,330
83,1.4,28.4,330
83.25,1.4,28.4,330
83.5,1.4,28.4,330
83.75,1.4,27.48,330
84,1.4,27.48,330
84.25,1.4,27.48,330
84.5,1.4,27.48,330
84.75,1.4,29.33,330
85,1.4,29.33,330
85.25,1.4,29.33,330
85.5,1.4,29.33,330
85.75,1.4,30.43,330
86,1.4,30.43,330
86.25,1.4,30.43,330
86.5,1.4,30.43,330
86.75,1.4,30.43,330
87,1.5,30.43,330
87.25,1.5,30.43,330
87.5,1.5,30.43,330
87.75,1.5,29.33,330
88,1.5,29.33,330
88.25,1.5,31.35,330
88.5,1.5,31.35,330
88.75,1.5,30.43,330
89,1.5,30.43,330
89.25,1.5,28.4,330
89.5,1.5,28.4,330
89.75,1.5,29.33,330
90,1.5,29.33,330
90.25,1.5,27.48,330
90.5,1.5,27.48,330
90.75,1.5,27.48,330
91,1.5,27.48,330
91.25,1.5,27.48,330
91.5,1.5,27.48,330
91.75,1.5,26.56,330
92,1.5,26.56,330
92.25,1.5,26.56,330
92.5,1.5,26.56,330
92.75,1.5,26.56,330
93,1.6,26.56,330
93.25,1.6,26.56,330
93.5,1.6,26.56,330
93.75,1.6,26.56,330
94,1.6,26.56,330
94.25,1.6,28.4,330
94.5,1.6,28.4,330
94.75,1.6,31.35,330
95,1.6,31.35,330
95.25,1.6,30.43,330
95.5,1.6,30.43,330
95.75,1.6,29.33,330
96,1.6,29.33,330
96.25,1.6,29.33,330
96.5,1.6,29.33,330
96.75,1.6,31.35,330
97,1.6,31.35,330
97.25,1.6,30.43,330
97.5,1.6,30.43,330
97.75,1.6,31.35,330
98,1.6,31.35,330
98.25,1.6,29.33,330
98.5,1.6,29.33,330
98.75,1.6,30.43,330
99,1.7,30.43,330
99.25,1.7,30.43,330
99.5,1.7,30.43,330
99.75,1.7,31.35,330
100,1.7,31.35,330
100.25,1.7,31.35,330
100.5,1.7,31.35,330
100.75,1.7,31.35,330
101,1.7,31.35,330
101.25,1.7,29.33,330
101.5,1.7,29.33,330
101.75,1.7,29.33,330
102,1.7,29.33,330
102.25,1.7,28.4,330
102.5,1.7,28.4,330
102.75,1.7,30.43,330
103,1.7,30.43,330
103.25,1.7,29.33,330
103.5,1.7,29.33,330
103.75,1.7,29.33,330
104,1.7,29.33,330
104.25,1.7,28.4,330
104.5,1.7,28.4,330
104.75,1.7,28.4,330
105,1.8,28.4,330
105.25,1.8,29.33,330
105.5,1.8,29.33,330
105.75,1.8,28.4,330
106,1.8,28.4,330
106.25,1.8,29.33,330
106.5,1.8,29.33,330
106.75,1.8,30.43,330
107,1.8,30.43,330
107.25,1.8,30.43,330
107.5,1.8,30.43,330
107.75,1.8,31.35,330
108,1.8,31.35,330
108.25,1.8,32.28,330
108.5,1.8,32.28,330
108.75,1.8,32.28,330
109,1.8,32.28,330
109.25,1.8,32.28,330
109.5,1.8,32.28,330
109.75,1.8,32.28,330
110,1.8,32.28,330
110.25,1.8,32.28,330
110.5,1.8,32.28,330
110.75,1.8,30.43,330
111,1.9,30.43,330
111.25,1.9,30.43,330
111.5,1.9,30.43,330
111.75,1.9,30.43,330
112,1.9,30.43,330
112.25,1.9,31.35,330
112.5,1.9,31.35,330
112.75,1.9,30.43,330
113,1.9,30.43,330
113.25,1.9,32.28,330
113.5,1.9,32.28,330
113.75,1.9,31.35,330
114,1.9,31.35,330
114.25,1.9,31.35,330
114.5,1.9,31.35,330
114.75,1.9,31.35,330
115,1.9,31.35,330
115.25,1.9,31.35,330
115.5,1.9,31.35,330
115.75,1.9,31.35,330
116,1.9,31.35,330
116.25,1.9,31.35,330
116.5,1.9,31.35,330
116.75,1.9,30.43,330
117,2.0,30.43,330
117.25,2.0,31.35,0
117.5,2.0,31.35,0
117.75,2.0,32.28,0
118,2.0,32.28,0
118.25,2.0,33.2,0
118.5,2.0,33.2,0
118.75,2.0,32.28,0
119,2.0,32.28,0
119.25,2.0,31.35,0
119.5,2.0,31.35,0
119.75,2.0,31.35,0
120,2.0,31.35,0
120.25,2.0,32.28,0
120.5,2.0,32.28,0
120.75,2.0,31.35,0
121,2.0,31.35,0
121.25,2.0,31.35,0
121.5,2.0,31.35,0
121.75,2.0,32.28,0
122,2.0,32.28,0
122.25,2.0,31.35,0
122.5,2.0,31.35,0
122.75,2.0,32.28,0
123,2.1,32.28,0
123.25,2.1,33.2,0
123.5,2.1,33.2,0
123.75,2.1,33.2,0
124,2.1,33.2,0
124.25,2.1,33.2,0
124.5,2.1,33.2,0
124.75,2.1,32.28,0
125,2.1,32.28,0
125.25,2.1,32.28,0
125.5,2.1,32.28,0
125.75,2.1,32.28,0
126,2.1,32.28,0
126.25,2.1,32.28,0
126.5,2.1,32.28,0
126.75,2.1,31.35,0
127,2.1,31.35,0
127.25,2.1,29.33,0
127.5,2.1,29.33,0
127.75,2.1,32.28,0
128,2.1,32.28,0
128.25,2.1,31.35,0
128.5,2.1,31.35,0
128.75,2.1,30.43,0
129,2.2,30.43,0
129.25,2.2,29.33,0
129.5,2.2,29.33,0
129.75,2.2,29.33,0
130,2.2,29.33,0
130.25,2.2,29.33,0
130.5,2.2,29.33,0
130.75,2.2,32.28,0
131,2.2,32.28,0
131.25,2.2,32.28,0
131.5,2.2,32.28,0
131.75,2.2,32.28,0
132,2.2,32.28,0
132.25,2.2,32.28,0
132.5,2.2,32.28,0
132.75,2.2,31.35,0
133,2.2,31.35,0
133.25,2.2,29.33,0
133.5,2.2,29.33,0
133.75,2.2,30.43,0
134,2.2,30.43,0
134.25,2.2,29.33,0
134.5,2.2,29.33,0
134.75,2.2,30.43,0
135,2.3,30.43,0
135.25,2.3,29.33,0
135.5,2.3,29.33,0
135.75,2.3,27.48,0
136,2.3,27.48,0
136.25,2.3,28.4,0
136.5,2.3,28.4,0
136.75,2.3,28.4,0
137,2.3,28.4,0
137.25,2.3,31.35,0
137.5,2.3,31.35,0
137.75,2.3,33.2,0
138,2.3,33.2,0
138.25,2.3,33.2,0
138.5,2.3,33.2,0
138.75,2.3,32.28,0
139,2.3,32.28,0
139.25,2.3,31.35,0
139.5,2.3,31.35,0
139.75,2.3,32.28,0
140,2.3,32.28,0
140.25,2.3,32.28,0
140.5,2.3,32.28,0
140.75,2.3,32.28,0
141,2.4,32.28,0
141.25,2.4,31.35,0
141.5,2.4,31.35,0
141.75,2.4,31.35,0
142,2.4,31.35,0
142.25,2.4,31.35,0
142.5,2.4,31.35,0
142.75,2.4,32.28,0
143,2.4,32.28,0
143.25,2.4,32.28,0
143.5,2.4,32.28,0
143.75,2.4,33.2,0
144,2.4,33.2,0
144.25,2.4,33.2,0
144.5,2.4,33.2,0
144.75,2.4,33.2,0
145,2.4,33.2,0
145.25,2.4,35.04,0
145.5,2.4,35.04,0
145.75,2.4,35.97,0
146,2.4,35.97,0
146.25,2.4,35.97,0
146.5,2.4,35.97,0
146.75,2.4,35.97,0
147,2.5,35.97,0
147.25,2.5,35.97,0
147.5,2.5,35.97,0
147.75,2.5,34.12,0
148,2.5,34.12,0
148.25,2.5,33.2,0
148.5,2.5,33.2,0
148.75,2.5,34.12,0
149,2.5,34.12,0
149.25,2.5,33.2,0
149.5,2.5,33.2,0
149.75,2.5,34.12,0
150,2.5,34.12,0
150.25,2.5,33.2,0
150.5,2.5,33.2,0
150.75,2.5,32.28,0
151,2.5,32.28,0
151.25,2.5,32.28,0
151.5,2.5,32.28,0
151.75,2.5,32.28,0
152,2.5,32.28,0
152.25,2.5,33.2,0
152.5,2.5,33.2,0
152.75,2.5,31.35,0
153,2.6,31.35,0
153.25,2.6,30.43,0
153.5,2.6,30.43,0
153.75,2.6,31.35,0
154,2.6,31.35,0
154.25,2.6,33.2,0
154.5,2.6,33.2,0
154.75,2.6,32.28,0
155,2.6,32.28,0
155.25,2.6,32.28,0
155.5,2.6,32.28,0
155.75,2.6,31.35,0
156,2.6,31.35,0
156.25,2.6,31.35,0
156.5,2.6,31.35,0
156.75,2.6,30.43,0
157,2.6,30.43,0
157.25,2.6,31.35,0
157.5,2.6,31.35,0
157.75,2.6,32.28,0
158,2.6,32.28,0
158.25,2.6,32.28,0
158.5,2.6,32.28,0
158.75,2.6,32.28,0
159,2.7,32.28,0
159.25,2.7,32.28,0
159.5,2.7,32.28,0
159.75,2.7,32.28,0
160,2.7,32.28,0
160.25,2.7,31.35,0
160.5,2.7,31.35,0
160.75,2.7,33.2,0
161,2.7,33.2,0
161.25,2.7,32.28,0
161.5,2.7,32.28,0
161.75,2.7,32.28,0
162,2.7,32.28,0
162.25,2.7,32.28,0
162.5,2.7,32.28,0
162.75,2.7,32.28,0
163,2.7,32.28,0
163.25,2.7,32.28,0
163.5,2.7,32.28,0
163.75,2.7,32.28,0
164,2.7,32.28,0
164.25,2.7,32.28,0
164.5,2.7,32.28,0
164.75,2.7,32.28,0
165,2.8,32.28,0
165.25,2.8,31.35,0
165.5,2.8,31.35,0
165.75,2.8,32.28,0
166,2.8,32.28,0
166.25,2.8,31.35,0
166.5,2.8,31.35,0
166.75,2.8,33.2,0
167,2.8,33.2,0
167.25,2.8,31.35,0
167.5,2.8,31.35,0
167.75,2.8,29.33,0
168,2.8,29.33,0
168.25,2.8,29.33,0
168.5,2.8,29.33,0
168.75,2.8,30.43,0
169,2.8,30.43,0
169.25,2.8,28.4,0
169.5,2.8,28.4,0
169.75,2.8,28.4,0
170,2.8,28.4,0
170.25,2.8,28.4,0
170.5,2.8,28.4,0
170.75,2.8,31.35,0
171,2.9,31.35,0
171.25,2.9,31.35,0
171.5,2.9,31.35,0
171.75,2.9,31.35,0
172,2.9,31.35,0
172.25,2.9,31.35,0
172.5,2.9,31.35,0
172.75,2.9,32.28,0
173,2.9,32.28,0
173.25,2.9,32.28,0
173.5,2.9,32.28,0
173.75,2.9,32.28,0
174,2.9,32.28,0
174.25,2.9,32.28,0
174.5,2.9,32.28,0
174.75,2.9,32.28,0
175,2.9,32.28,0
175.25,2.9,32.28,0
175.5,2.9,32.28,0
175.75,2.9,30.43,0
176,2.9,30.43,0
176.25,2.9,31.35,0
176.5,2.9,31.35,0
176.75,2.9,31.35,0
177,3.0,31.35,0
177.25,3.0,32.28,0
177.5,3.0,32.28,0
177.75,3.0,32.28,0
178,3.0,32.28,0
178.25,3.0,31.35,0
178.5,3.0,31.35,0
178.75,3.0,31.35,0
179,3.0,31.35,0
179.25,3.0,30.43,0
179.5,3.0,30.43,0
179.75,3.0,30.43,0
180,3.0,30.43,0
180.25,3.0,30.43,0
180.5,3.0,30.43,0
180.75,3.0,30.43,0
181,3.0,30.43,0
181.25,3.0,33.2,0
181.5,3.0,33.2,0
181.75,3.0,32.28,0
182,3.0,32.28,0
182.25,3.0,31.35,0
182.5,3.0,31.35,0
182.75,3.0,30.43,0
183,3.1,30.43,0
183.25,3.1,31.35,0
183.5,3.1,31.35,0
183.75,3.1,31.35,0
184,3.1,31.35,0
184.25,3.1,31.35,0
184.5,3.1,31.35,0
184.75,3.1,32.28,0
185,3.1,32.28,0
185.25,3.1,33.2,0
185.5,3.1,33.2,0
185.75,3.1,31.35,0
186,3.1,31.35,0
186.25,3.1,30.43,0
186.5,3.1,30.43,0
186.75,3.1,30.43,0
187,3.1,30.43,0
187.25,3.1,31.35,0
187.5,3.1,31.35,0
187.75,3.1,32.28,0
188,3.1,32.28,0
188.25,3.1,33.2,0
188.5,3.1,33.2,0
188.75,3.1,32.28,0
189,3.2,32.28,0
189.25,3.2,32.28,0
189.5,3.2,32.28,0
189.75,3.2,30.43,0
190,3.2,30.43,0
190.25,3.2,30.43,0
190.5,3.2,30.43,0
190.75,3.2,30.43,0
191,3.2,30.43,0
191.25,3.2,32.28,0
191.5,3.2,32.28,0
191.75,3.2,34.12,0
192,3.2,34.12,0
192.25,3.2,35.04,0
192.5,3.2,35.04,0
192.75,3.2,35.97,0
193,3.2,35.97,0
193.25,3.2,35.97,0
193.5,3.2,35.97,0
193.75,3.2,35.04,0
194,3.2,35.04,0
194.25,3.2,35.04,0
194.5,3.2,35.04,0
194.75,3.2,35.97,0
195,3.3,35.97,0
195.25,3.3,35.97,0
195.5,3.3,35.97,0
195.75,3.3,35.04,0
196,3.3,35.04,0
196.25,3.3,35.04,0
196.5,3.3,35.04,0
196.75,3.3,34.12,0
197,3.3,34.12,0
197.25,3.3,32.28,0
197.5,3.3,32.28,0
197.75,3.3,30.43,0
198,3.3,30.43,0
198.25,3.3,32.28,0
198.5,3.3,32.28,0
198.75,3.3,33.2,0
199,3.3,33.2,0
199.25,3.3,33.2,0
199.5,3.3,33.2,0
199.75,3.3,32.28,0
200,3.3,32.28,0
200.25,3.3,33.2,0
200.5,3.3,33.2,0
200.75,3.3,33.2,0
201,3.4,33.2,0
201.25,3.4,31.35,0
201.5,3.4,31.35,0
201.75,3.4,31.35,0
202,3.4,31.35,0
202.25,3.4,32.28,0
202.5,3.4,32.28,0
202.75,3.4,32.28,0
203,3.4,32.28,0
203.25,3.4,32.28,0
203.5,3.4,32.28,0
203.75,3.4,33.2,0
204,3.4,33.2,0
204.25,3.4,32.28,0
204.5,3.4,32.28,0
204.75,3.4,32.28,0
205,3.4,32.28,0
205.25,3.4,30.43,0
205.5,3.4,30.43,0
205.75,3.4,30.43,0
206,3.4,30.43,0
206.25,3.4,31.35,0
206.5,3.4,31.35,0
206.75,3.4,32.28,0
207,3.5,32.28,0
207.25,3.5,31.35,0
207.5,3.5,31.35,0
207.75,3.5,32.28,0
208,3.5,32.28,0
208.25,3.5,33.2,0
208.5,3.5,33.2,0
208.75,3.5,33.2,0
209,3.5,33.2,0
209.25,3.5,33.2,0
209.5,3.5,33.2,0
209.75,3.5,33.2,0
210,3.5,33.2,0
210.25,3.5,32.28,0
210.5,3.5,32.28,0
210.75,3.5,31.35,0
211,3.5,31.35,0
211.25,3.5,31.35,0
211.5,3.5,31.35,0
211.75,3.5,29.33,0
212,3.5,29.33,0
212.25,3.5,29.33,0
212.5,3.5,29.33,0
212.75,3.5,31.35,0
213,3.6,31.35,0
213.25,3.6,31.35,0
213.5,3.6,31.35,0
213.75,3.6,32.28,0
214,3.6,32.28,0
214.25,3.6,31.35,0
214.5,3.6,31.35,0
214.75,3.6,31.35,0
215,3.6,31.35,0
215.25,3.6,31.35,0
215.5,3.6,31.35,0
215.75,3.6,30.43,0
216,3.6,30.43,0
216.25,3.6,30.43,0
216.5,3.6,30.43,0
216.75,3.6,30.43,0
217,3.6,30.43,0
217.25,3.6,29.33,0
217.5,3.6,29.33,0
217.75,3.6,28.4,0
218,3.6,28.4,0
218.25,3.6,28.4,0
218.5,3.6,28.4,0
218.75,3.6,28.4,0
219,3.7,28.4,0
219.25,3.7,29.33,0
219.5,3.7,29.33,0
219.75,3.7,28.4,0
220,3.7,28.4,0
220.25,3.7,30.43,0
220.5,3.7,30.43,0
220.75,3.7,28.4,0
221,3.7,28.4,0
221.25,3.7,28.4,0
221.5,3.7,28.4,0
221.75,3.7,27.48,0
222,3.7,27.48,0
222.25,3.7,26.56,0
222.5,3.7,26.56,0
222.75,3.7,27.48,0
223,3.7,27.48,0
223.25,3.7,27.48,0
223.5,3.7,27.48,0
223.75,3.7,28.4,0
224,3.7,28.4,0
224.25,3.7,27.48,0
224.5,3.7,27.48,0
224.75,3.7,27.48,0
225,3.8,27.48,0
225.25,3.8,28.4,0
225.5,3.8,28.4,0
225.75,3.8,27.48,0
226,3.8,27.48,0
226.25,3.8,27.48,0
226.5,3.8,27.48,0
226.75,3.8,26.56,0
227,3.8,26.56,0
227.25,3.8,26.56,0
227.5,3.8,26.56,0
227.75,3.8,26.56,0
228,3.8,26.56,0
228.25,3.8,28.4,0
228.5,3.8,28.4,0
228.75,3.8,29.33,0
229,3.8,29.33,0
229.25,3.8,28.4,0
229.5,3.8,28.4,0
229.75,3.8,28.4,0
230,3.8,28.4,0
230.25,3.8,26.56,0
230.5,3.8,26.56,0
230.75,3.8,26.56,0
231,3.9,26.56,0
231.25,3.9,26.56,0
231.5,3.9,26.56,0
231.75,3.9,29.33,0
232,3.9,29.33,0
232.25,3.9,29.33,0
232.5,3.9,29.33,0
232.75,3.9,29.33,0
233,3.9,29.33,0
233.25,3.9,30.43,0
233.5,3.9,30.43,0
233.75,3.9,30.43,0
234,3.9,30.43,0
234.25,3.9,29.33,0
234.5,3.9,29.33,0
234.75,3.9,31.35,0
235,3.9,31.35,0
235.25,3.9,32.28,0
235.5,3.9,32.28,0
235.75,3.9,33.2,0
236,3.9,33.2,0
236.25,3.9,33.2,0
236.5,3.9,33.2,0
236.75,3.9,32.28,0
237,4.0,32.28,0
237.25,4.0,32.28,40
237.5,4.0,32.28,40
237.75,4.0,30.43,40
238,4.0,30.43,40
238.25,4.0,29.33,40
238.5,4.0,29.33,40
238.75,4.0,28.4,40
239,4.0,28.4,40
239.25,4.0,26.56,40
239.5,4.0,26.56,40
239.75,4.0,27.48,40
240,4.0,27.48,40
240.25,4.0,26.56,40
240.5,4.0,26.56,40
240.75,4.0,28.4,40
241,4.0,28.4,40
241.25,4.0,29.33,40
241.5,4.0,29.33,40
241.75,4.0,29.33,40
242,4.0,29.33,40
242.25,4.0,30.43,40
242.5,4.0,30.43,40
242.75,4.0,30.43,40
243,4.1,30.43,40
243.25,4.1,30.43,40
243.5,4.1,30.43,40
243.75,4.1,29.33,40
244,4.1,29.33,40
244.25,4.1,29.33,40
244.5,4.1,29.33,40
244.75,4.1,30.43,40
245,4.1,30.43,40
245.25,4.1,29.33,40
245.5,4.1,29.33,40
245.75,4.1,27.48,40
246,4.1,27.48,40
246.25,4.1,28.4,40
246.5,4.1,28.4,40
246.75,4.1,28.4,40
247,4.1,28.4,40
247.25,4.1,27.48,40
247.5,4.1,27.48,40
247.75,4.1,26.56,40
248,4.1,26.56,40
248.25,4.1,27.48,40
248.5,4.1,27.48,40
248.75,4.1,26.56,40
249,4.2,26.56,40
249.25,4.2,24.71,40
249.5,4.2,24.71,40
249.75,4.2,25.64,40
250,4.2,25.64,40
250.25,4.2,26.56,40
250.5,4.2,26.56,40
250.75,4.2,26.56,40
251,4.2,26.56,40
251.25,4.2,27.48,40
251.5,4.2,27.48,40
251.75,4.2,26.56,40
252,4.2,26.56,40
252.25,4.2,26.56,40
252.5,4.2,26.56,40
252.75,4.2,25.64,40
253,4.2,25.64,40
253.25,4.2,25.64,40
253.5,4.2,25.64,40
253.75,4.2,26.56,40
254,4.2,26.56,40
254.25,4.2,27.48,40
254.5,4.2,27.48,40
254.75,4.2,29.33,40
255,4.3,29.33,40
255.25,4.3,30.43,40
255.5,4.3,30.43,40
255.75,4.3,31.35,40
256,4.3,31.35,40
256.25,4.3,30.43,40
256.5,4.3,30.43,40
256.75,4.3,29.33,40
257,4.3,29.33,40
257.25,4.3,27.48,40
257.5,4.3,27.48,40
257.75,4.3,28.4,40
258,4.3,28.4,40
258.25,4.3,29.33,40
258.5,4.3,29.33,40
258.75,4.3,30.43,40
259,4.3,30.43,40
259.25,4.3,30.43,40
259.5,4.3,30.43,40
259.75,4.3,31.35,40
260,4.3,31.35,40
260.25,4.3,30.43,40
260.5,4.3,30.43,40
260.75,4.3,30.43,40
261,4.4,30.43,40
261.25,4.4,29.33,40
261.5,4.4,29.33,40
261.75,4.4,27.48,40
262,4.4,27.48,40
262.25,4.4,28.4,40
262.5,4.4,28.4,40
262.75,4.4,27.48,40
263,4.4,27.48,40
263.25,4.4,29.33,40
263.5,4.4,29.33,40
263.75,4.4,28.4,40
264,4.4,28.4,40
264.25,4.4,28.4,40
264.5,4.4,28.4,40
264.75,4.4,28.4,40
265,4.4,28.4,40
265.25,4.4,27.48,40
265.5,4.4,27.48,40
265.75,4.4,27.48,40
266,4.4,27.48,40
266.25,4.4,27.48,40
266.5,4.4,27.48,40
266.75,4.4,30.43,40
267,4.5,30.43,40
267.25,4.5,31.35,40
267.5,4.5,31.35,40
267.75,4.5,29.33,40
268,4.5,29.33,40
268.25,4.5,30.43,40
268.5,4.5,30.43,40
268.75,4.5,29.33,40
269,4.5,29.33,40
269.25,4.5,29.33,40
269.5,4.5,29.33,40
269.75,4.5,32.28,40
270,4.5,32.28,40
270.25,4.5,32.28,40
270.5,4.5,32.28,40
270.75,4.5,31.35,40
271,4.5,31.35,40
271.25,4.5,33.2,40
271.5,4.5,33.2,40
271.75,4.5,34.12,40
272,4.5,34.12,40
272.25,4.5,32.28,40
272.5,4.5,32.28,40
272.75,4.5,32.28,40
273,4.6,32.28,40
273.25,4.6,31.35,40
273.5,4.6,31.35,40
273.75,4.6,32.28,40
274,4.6,32.28,40
274.25,4.6,33.2,40
274.5,4.6,33.2,40
274.75,4.6,33.2,40
275,4.6,33.2,40
275.25,4.6,32.28,40
275.5,4.6,32.28,40
275.75,4.6,32.28,40
276,4.6,32.28,40
276.25,4.6,33.2,40
276.5,4.6,33.2,40
276.75,4.6,32.28,40
277,4.6,32.28,40
277.25,4.6,33.2,40
277.5,4.6,33.2,40
277.75,4.6,32.28,40
278,4.6,32.28,40
278.25,4.6,32.28,40
278.5,4.6,32.28,40
278.75,4.6,32.28,40
279,4.7,32.28,40
279.25,4.7,32.28,40
279.5,4.7,32.28,40
279.75,4.7,31.35,40
280,4.7,31.35,40
280.25,4.7,31.35,40
280.5,4.7,31.35,40
280.75,4.7,32.28,40
281,4.7,32.28,40
281.25,4.7,31.35,40
281.5,4.7,31.35,40
281.75,4.7,30.43,40
282,4.7,30.43,40
282.25,4.7,30.43,40
282.5,4.7,30.43,40
282.75,4.7,29.33,40
283,4.7,29.33,40
283.25,4.7,30.43,40
283.5,4.7,30.43,40
283.75,4.7,30.43,40
284,4.7,30.43,40
284.25,4.7,29.33,40
284.5,4.7,29.33,40
284.75,4.7,29.33,40
285,4.8,29.33,40
285.25,4.8,27.48,40
285.5,4.8,27.48,40
285.75,4.8,30.43,40
286,4.8,30.43,40
286.25,4.8,30.43,40
286.5,4.8,30.43,40
286.75,4.8,29.33,40
287,4.8,29.33,40
287.25,4.8,30.43,40
287.5,4.8,30.43,40
287.75,4.8,29.33,40
288,4.8,29.33,40
288.25,4.8,32.28,40
288.5,4.8,32.28,40
288.75,4.8,33.2,40
289,4.8,33.2,40
289.25,4.8,33.2,40
289.5,4.8,33.2,40
289.75,4.8,33.2,40
290,4.8,33.2,40
290.25,4.8,32.28,40
290.5,4.8,32.28,40
290.75,4.8,34.12,40
291,4.9,34.12,40
291.25,4.9,34.12,40
291.5,4.9,34.12,40
291.75,4.9,34.12,40
292,4.9,34.12,40
292.25,4.9,34.12,40
292.5,4.9,34.12,40
292.75,4.9,32.28,40
293,4.9,32.28,40
293.25,4.9,33.2,40
293.5,4.9,33.2,40
293.75,4.9,33.2,40
294,4.9,33.2,40
294.25,4.9,34.12,40
294.5,4.9,34.12,40
294.75,4.9,33.2,40
295,4.9,33.2,40
295.25,4.9,33.2,40
295.5,4.9,33.2,40
295.75,4.9,33.2,40
296,4.9,33.2,40
296.25,4.9,33.2,40
296.5,4.9,33.2,40
296.75,4.9,33.2,40
297,5.0,33.2,40
297.25,5.0,32.28,40
297.5,5.0,32.28,40
297.75,5.0,32.28,40
298,5.0,32.28,40
298.25,5.0,32.28,40
298.5,5.0,32.28,40
298.75,5.0,32.28,40
299,5.0,32.28,40
299.25,5.0,34.12,40
299.5,5.0,34.12,40
299.75,5.0,33.2,40
300,5.0,33.2,40
300.25,5.0,34.12,40
300.5,5.0,34.12,40
300.75,5.0,33.2,40
301,5.0,33.2,40
301.25,5.0,34.12,40
301.5,5.0,34.12,40
301.75,5.0,33.2,40
302,5.0,33.2,40
302.25,5.0,33.2,40
302.5,5.0,33.2,40
302.75,5.0,34.12,40
303,5.1,34.12,40
303.25,5.1,35.04,40
303.5,5.1,35.04,40
303.75,5.1,37.07,40
304,5.1,37.07,40
304.25,5.1,35.04,40
304.5,5.1,35.04,40
304.75,5.1,35.97,40
305,5.1,35.97,40
305.25,5.1,35.97,40
305.5,5.1,35.97,40
305.75,5.1,35.04,40
306,5.1,35.04,40
306.25,5.1,35.04,40
306.5,5.1,35.04,40
306.75,5.1,35.04,40
307,5.1,35.04,40
307.25,5.1,35.04,40
307.5,5.1,35.04,40
307.75,5.1,35.04,40
308,5.1,35.04,40
308.25,5.1,37.07,40
308.5,5.1,37.07,40
308.75,5.1,35.97,40
309,5.2,35.97,40
309.25,5.2,35.04,40
309.5,5.2,35.04,40
309.75,5.2,33.2,40
310,5.2,33.2,40
310.25,5.2,34.12,40
310.5,5.2,34.12,40
310.75,5.2,35.04,40
311,5.2,35.04,40
311.25,5.2,34.12,40
311.5,5.2,34.12,40
311.75,5.2,35.97,40
312,5.2,35.97,40
312.25,5.2,35.97,40
312.5,5.2,35.97,40
312.75,5.2,35.04,40
313,5.2,35.04,40
313.25,5.2,37.07,40
313.5,5.2,37.07,40
313.75,5.2,35.97,40
314,5.2,35.97,40
314.25,5.2,37.07,40
314.5,5.2,37.07,40
314.75,5.2,37.99,40
315,5.3,37.99,40
315.25,5.3,37.07,40
315.5,5.3,37.07,40
315.75,5.3,35.97,40
316,5.3,35.97,40
316.25,5.3,35.97,40
316.5,5.3,35.97,40
316.75,5.3,35.04,40
317,5.3,35.04,40
317.25,5.3,37.07,40
317.5,5.3,37.07,40
317.75,5.3,37.99,40
318,5.3,37.99,40
318.25,5.3,37.07,40
318.5,5.3,37.07,40
318.75,5.3,34.12,40
319,5.3,34.12,40
319.25,5.3,34.12,40
319.5,5.3,34.12,40
319.75,5.3,34.12,40
320,5.3,34.12,40
320.25,5.3,35.04,40
320.5,5.3,35.04,40
320.75,5.3,35.97,40
321,5.4,35.97,40
321.25,5.4,37.07,40
321.5,5.4,37.07,40
321.75,5.4,35.97,40
322,5.4,35.97,40
322.25,5.4,35.04,40
322.5,5.4,35.04,40
322.75,5.4,35.97,40
323,5.4,35.97,40
323.25,5.4,35.04,40
323.5,5.4,35.04,40
323.75,5.4,35.04,40
324,5.4,35.04,40
324.25,5.4,35.04,40
324.5,5.4,35.04,40
324.75,5.4,34.12,40
325,5.4,34.12,40
325.25,5.4,34.12,40
325.5,5.4,34.12,40
325.75,5.4,33.2,40
326,5.4,33.2,40
326.25,5.4,33.2,40
326.5,5.4,33.2,40
326.75,5.4,32.28,40
327,5.5,32.28,40
327.25,5.5,33.2,40
327.5,5.5,33.2,40
327.75,5.5,33.2,40
328,5.5,33.2,40
328.25,5.5,32.28,40
328.5,5.5,32.28,40
328.75,5.5,31.35,40
329,5.5,31.35,40
329.25,5.5,32.28,40
329.5,5.5,32.28,40
329.75,5.5,32.28,40
330,5.5,32.28,40
330.25,5.5,32.28,40
330.5,5.5,32.28,40
330.75,5.5,32.28,40
331,5.5,32.28,40
331.25,5.5,32.28,40
331.5,5.5,32.28,40
331.75,5.5,32.28,40
332,5.5,32.28,40
332.25,5.5,32.28,40
332.5,5.5,32.28,40
332.75,5.5,30.43,40
333,5.6,30.43,40
333.25,5.6,30.43,40
333.5,5.6,30.43,40
333.75,5.6,33.2,40
334,5.6,33.2,40
334.25,5.6,32.28,40
334.5,5.6,32.28,40
334.75,5.6,33.2,40
335,5.6,33.2,40
335.25,5.6,32.28,40
335.5,5.6,32.28,40
335.75,5.6,34.12,40
336,5.6,34.12,40
336.25,5.6,32.28,40
336.5,5.6,32.28,40
336.75,5.6,32.28,40
337,5.6,32.28,40
337.25,5.6,31.35,40
337.5,5.6,31.35,40
337.75,5.6,31.35,40
338,5.6,31.35,40
338.25,5.6,30.43,40
338.5,5.6,30.43,40
338.75,5.6,30.43,40
339,5.7,30.43,40
339.25,5.7,31.35,40
339.5,5.7,31.35,40
339.75,5.7,31.35,40
340,5.7,31.35,40
340.25,5.7,32.28,40
340.5,5.7,32.28,40
340.75,5.7,32.28,40
341,5.7,32.28,40
341.25,5.7,33.2,40
341.5,5.7,33.2,40
341.75,5.7,33.2,40
342,5.7,33.2,40
342.25,5.7,34.12,40
342.5,5.7,34.12,40
342.75,5.7,32.28,40
343,5.7,32.28,40
343.25,5.7,32.28,40
343.5,5.7,32.28,40
343.75,5.7,29.33,40
344,5.7,29.33,40
344.25,5.7,30.43,40
344.5,5.7,30.43,40
344.75,5.7,32.28,40
345,5.8,32.28,40
345.25,5.8,33.2,40
345.5,5.8,33.2,40
345.75,5.8,35.04,40
346,5.8,35.04,40
346.25,5.8,35.04,40
346.5,5.8,35.04,40
346.75,5.8,33.2,40
347,5.8,33.2,40
347.25,5.8,32.28,40
347.5,5.8,32.28,40
347.75,5.8,31.35,40
348,5.8,31.35,40
348.25,5.8,31.35,40
348.5,5.8,31.35,40
348.75,5.8,31.35,40
349,5.8,31.35,40
349.25,5.8,31.35,40
349.5,5.8,31.35,40
349.75,5.8,29.33,40
350,5.8,29.33,40
350.25,5.8,28.4,40
350.5,5.8,28.4,40
350.75,5.8,30.43,40
351,5.9,30.43,40
351.25,5.9,28.4,40
351.5,5.9,28.4,40
351.75,5.9,28.4,40
352,5.9,28.4,40
352.25,5.9,27.48,40
352.5,5.9,27.48,40
352.75,5.9,28.4,40
353,5.9,28.4,40
353.25,5.9,29.33,40
353.5,5.9,29.33,40
353.75,5.9,29.33,40
354,5.9,29.33,40
354.25,5.9,28.4,40
354.5,5.9,28.4,40
354.75,5.9,29.33,40
355,5.9,29.33,40
355.25,5.9,30.43,40
355.5,5.9,30.43,40
355.75,5.9,30.43,40
356,5.9,30.43,40
356.25,5.9,30.43,40
356.5,5.9,30.43,40
356.75,5.9,29.33,40
357,6.0,29.33,40
